Product_Name,Stars,Ratings,Reviews,current_price,MRP,channel,Operating_system,Picture_qualtiy,Speaker,Frequency,Image_url
Croma,4.2,1773,217,₹7990,₹20000,HD Ready 1366 x 768 Pixels,20 Speaker Output,60 Hz Refresh Rate,2 x HDMI | 2 x USB,1 Year Warranty,https://rukminim1.flixcart.com/image/312/312/ku1k4280/television/p/f/6/crel7369-croma-original-imag7969pxhrwp2k.jpeg?q=70
Adsun,3.8,6742,930,₹8699,₹21999,Netflix|Disney+Hotstar|Youtube,Operating System: Android Based,HD Ready 1366 x 768 Pixels,20 W Speaker Output,60 Hz Refresh Rate,https://rukminim1.flixcart.com/image/312/312/krntoy80/television/u/d/y/a-3200s-adsun-original-imag5edguuyn54fh.jpeg?q=70
LG,4.4,38870,3443,₹16499,₹21990,Netflix|Prime Video|Disney+Hotstar|Youtube,Operating System: WebOS,HD Ready 1366 x 768 Pixels,10 W Speaker Output,50 Hz Refresh Rate,https://rukminim1.flixcart.com/image/312/312/l0fm07k0/television/7/x/9/-original-imagc8fnpx39evgc.jpeg?q=70
Xiaomi,4.3,3120,305,₹15499,₹24999,Netflix|Prime Video|Disney+Hotstar|Youtube,Operating System: Android,HD Ready 1366 x 768 Pixels,20 W Speaker Output,60 Hz Refresh Rate,https://rukminim1.flixcart.com/image/312/312/l2ghgnk0/television/u/a/c/l32m7-5ain-mi-original-imagdsdwqf6bkmkz.jpeg?q=70
OnePlus,4.3,101256,9189,₹16499,₹21999,Netflix|Prime Video|Disney+Hotstar|Youtube,Operating System: Android,HD Ready 1366 x 768 Pixels,20 W Speaker Output,60 Hz Refresh Rate,https://rukminim1.flixcart.com/image/312/312/kzfvzww0/television/e/b/b/32hd2a00-32-y1s-oneplus-original-imagbgcewfqywgk7.jpeg?q=70
SAMSUNG,0,0,0,₹15999,₹22900,Netflix|Disney+Hotstar|Youtube,Operating System: Tizen,HD Ready 1366 x 768 Pixels,20 W Speaker Output,60 Hz Refresh Rate,https://rukminim1.flixcart.com/image/312/312/kbs9k7k0/television/c/j/3/samsung-ua32t4340akxxl-original-imaft25qdysfsq7k.jpeg?q=70
OnePlus,4.3,101256,9189,₹15499,₹19999,Netflix|Prime Video|Disney+Hotstar|Youtube,Operating System: Android,HD Ready 1366 x 768 Pixels,20 W Speaker Output,60 Hz Refresh Rate,https://rukminim1.flixcart.com/image/312/312/kqidx8w0/television/m/1/v/32ha0a00-oneplus-original-imag4gy8yezxdhen.jpeg?q=70
Croma,4.2,0,0,₹11990,₹25000,Netflix|Prime Video|Disney+Hotstar|Youtube,Operating System: Android,HD Ready 1366 x 768 Pixels,20 Speaker Output,60 Hz Refresh Rate,https://rukminim1.flixcart.com/image/312/312/l1nwnm80/television/2/i/r/crel032hof024601-croma-original-imagd69t6mysezaw.jpeg?q=70
OnePlus,4.3,101256,9189,₹25999,₹31999,Netflix|Prime Video|Disney+Hotstar|Youtube,Operating System: Android,Full HD 1920 x 1080 Pixels,20 W Speaker Output,60 Hz Refresh Rate,https://rukminim1.flixcart.com/image/312/312/kzfvzww0/television/g/4/k/43fd2a00-43-y1s-oneplus-original-imagbgc44gerfphz.jpeg?q=70
LG,4.4,5830,698,₹32990,₹59990,Netflix|Prime Video|Disney+Hotstar|Youtube,Operating System: WebOS,Ultra HD (4K) 3840 x 2160 Pixels,20 W Speaker Output,60 Hz Refresh Rate,https://rukminim1.flixcart.com/image/312/312/kqse07k0/television/j/r/b/43up7500ptz-43up7500ptz-lg-original-imag4q3zcqt5n3yv.jpeg?q=70
OnePlus,4.3,101256,9189,₹22999,₹27999,Netflix|Prime Video|Disney+Hotstar|Youtube,Operating System: Android,Full HD 1920 x 1080 Pixels,20 W Speaker Output,60 Hz Refresh Rate,https://rukminim1.flixcart.com/image/312/312/kph8h3k0/television/k/9/h/40y1-40fa1a00-oneplus-original-imag3p45tdgyvpqa.jpeg?q=70
Adsun,3.8,6742,930,₹8999,₹29999,Netflix|Prime Video|Disney+Hotstar|Youtube,Operating System: Android Based,HD Ready 1366 x 768 Pixels,20 W Speaker Output,60 Hz Refresh Rate,https://rukminim1.flixcart.com/image/312/312/kzn17680/television/o/q/p/a-3210s-f-adsun-original-imagbhqzhafpzhyz.jpeg?q=70
MarQ,4.2,6251,764,₹8999,₹19999,HD Ready 1366 X 768 Pixels,20 W Speaker Output,60 Hz Refresh Rate,2 x HDMI | 2 x USB,1 Year Warranty on Product,https://rukminim1.flixcart.com/image/312/312/ktyp8cw0/television/q/r/o/32hdndmsvab-marq-original-imag76pvrgnqhxhu.jpeg?q=70
OnePlus,4.3,101256,9189,₹24999,₹29999,Netflix|Prime Video|Disney+Hotstar|Youtube,Operating System: Android,Full HD 1920 x 1080 Pixels,20 W Speaker Output,60 Hz Refresh Rate,https://rukminim1.flixcart.com/image/312/312/kqidx8w0/television/o/h/9/43fa0a00-oneplus-original-imag4gy9perzvrdv.jpeg?q=70
Vu,4.4,32043,4978,₹30990,₹45000,Netflix|Prime Video|Disney+Hotstar|Youtube,Operating System: Android,Ultra HD (4K) 3840 x 2160 Pixels,30 W Speaker Output,60 Hz Refresh Rate,https://rukminim1.flixcart.com/image/312/312/kx6fwcw0/television/w/5/8/-original-imag9zvwz5ffv9ec.jpeg?q=70
Croma,3.9,0,0,₹18990,₹30000,Netflix|Prime Video|Disney+Hotstar|Youtube,Operating System: Android,Full HD 1920 x 1080 Pixels,20 Speaker Output,60 Hz Refresh Rate,https://rukminim1.flixcart.com/image/312/312/l1nwnm80/television/0/d/b/crel040fof024601-croma-original-imagd69uunejcz4d.jpeg?q=70
Xiaomi,4.3,3120,305,₹22999,₹29999,Netflix|Prime Video|Disney+Hotstar|Youtube,Operating System: Android,Full HD 1920 x 1080 Pixels,24 W Speaker Output,60 Hz Refresh Rate,https://rukminim1.flixcart.com/image/312/312/l2ghgnk0/television/b/h/f/l40m7-eain-mi-original-imagdsdw9gkhscmb.jpeg?q=70
Vu,4.2,5635,632,₹12999,₹20000,Netflix|Prime Video|Youtube,Operating System: Linux,HD Ready 1366 x 768 Pixels,20 W Speaker Output,60 Hz Refresh Rate,https://rukminim1.flixcart.com/image/312/312/kylvr0w0/television/k/l/8/-original-imagasrugg4dygfx.jpeg?q=70
realme,4.3,26103,2299,₹13499,₹21999,Youtube,Operating System: Linux,HD Ready 1366 x 768 Pixels,20 W Speaker Output,60 Hz Refresh Rate,https://rukminim1.flixcart.com/image/312/312/kulk9zk0/television/a/k/g/rmv2101-realme-original-imag7zh4etze62zy.jpeg?q=70
Adsun,3.8,6742,930,₹16999,₹39999,Netflix|Prime Video|Disney+Hotstar|Youtube,Operating System: Android Based,Full HD 1920 x 1080 Pixels,20 W Speaker Output,60 Hz Refresh Rate,https://rukminim1.flixcart.com/image/312/312/kzn17680/television/g/e/s/a-4300s-f-adsun-original-imagbhqpwyw8z8bp.jpeg?q=70
Mi,4.3,40877,3658,₹31999,₹49999,Netflix|Prime Video|Disney+Hotstar|Youtube,Operating System: Android,Ultra HD (4K) 3840 x 2160 Pixels,30 W Speaker Output,60 Hz Refresh Rate,https://rukminim1.flixcart.com/image/312/312/ksoz53k0/television/c/p/h/l43m6-es-mi-original-imag6774wykv4ps8.jpeg?q=70
realme,4.3,197035,22679,₹15499,₹17999,Netflix|Prime Video|Disney+Hotstar|Youtube,Operating System: Android,HD Ready 1366 x 768 Pixels,24 W Speaker Output,60 Hz Refresh Rate,https://rukminim1.flixcart.com/image/312/312/kae95e80/television/f/6/y/realme-tv-32-original-imafrz79pweqeafh.jpeg?q=70
acer,4.4,5449,897,₹13999,₹22990,Netflix|Prime Video|Disney+Hotstar|Youtube,Operating System: Android,HD Ready 1366 x 768 Pixels,24 W Speaker Output,60 Hz Refresh Rate,https://rukminim1.flixcart.com/image/312/312/kyxb9u80/television/v/4/t/-original-imagbfq5cns4qzhg.jpeg?q=70
SAMSUNG,4.4,7344,883,₹35999,₹47900,Netflix|Prime Video|Disney+Hotstar|Youtube,Operating System: Tizen,Ultra HD (4K) Crystal 4K FE UHD (3840 x 2160) Pixels,20 W Speaker Output,50 Hz Refresh Rate,https://rukminim1.flixcart.com/image/312/312/l47cu4w0/television/9/0/f/-original-imagf5qummst7t94.jpeg?q=70
Thomson,4.4,67598,14655,₹20999,₹27999,Prime Video|Disney+Hotstar|Youtube,Operating System: Android,Full HD 1920 x 1080 Pixels,30 W Speaker Output,60 Hz Refresh Rate,https://rukminim1.flixcart.com/image/312/312/kjym9ow0/television/q/o/q/42path2121-42path2121-thomson-original-imafzff3gychx9ub.jpeg?q=70
iFFALCON,4.3,18688,2568,₹33999,₹70990,Netflix|Disney+Hotstar|Youtube,Operating System: Android,Ultra HD (4K) 3840 x 2160 Pixels,24 W Speaker Output,60 Hz Refresh Rate,https://rukminim1.flixcart.com/image/312/312/l1tmf0w0/television/k/q/h/-original-imagdbysykjsyfgd.jpeg?q=70
Mi,4.3,34983,3067,₹21999,₹29999,Netflix|Prime Video|Disney+Hotstar|Youtube,Operating System: Android,Full HD 1920 x 1080 Pixels,20 W Speaker Output,60 Hz Refresh Rate,https://rukminim1.flixcart.com/image/312/312/kp4difk0/television/y/z/0/l40m6-ei-mi-original-imag3fbyhsdgxxke.jpeg?q=70
Adsun,3.8,6742,930,₹8699,₹21999,Netflix|Disney+Hotstar|Youtube,Operating System: Android Based,HD Ready 1366 x 768 Pixels,20 W Speaker Output,60 Hz Refresh Rate,https://rukminim1.flixcart.com/image/312/312/krntoy80/television/u/d/y/a-3200s-adsun-original-imag5edguuyn54fh.jpeg?q=70
Vu,4.4,32043,4978,₹27999,₹45000,Netflix|Prime Video|Disney+Hotstar|Youtube,Operating System: Android,Ultra HD (4K) 3840 x 2160 Pixels,24W Speaker Output,60 Hz Refresh Rate,https://rukminim1.flixcart.com/image/312/312/kx6fwcw0/television/w/5/8/-original-imag9zvwz5ffv9ec.jpeg?q=70
OnePlus,4.4,8883,989,₹40990,₹49999,Netflix|Prime Video|Disney+Hotstar|Youtube,Operating System: Android,Ultra HD (4K) 3840 x 2160 Pixels,30 W Speaker Output,60 Hz Refresh Rate,https://rukminim1.flixcart.com/image/312/312/kuwzssw0/television/i/q/x/u-series-50-u1s-50uc1a00-oneplus-original-imag7xtnfn7yrfrn.jpeg?q=70
Xiaomi,4.3,3120,305,₹25999,₹35999,Netflix|Prime Video|Disney+Hotstar|Youtube,Operating System: Android,Full HD 1920 x 1080 Pixels,24 W Speaker Output,60 Hz Refresh Rate,https://rukminim1.flixcart.com/image/312/312/l2f20sw0/television/k/s/l/l43m7-eain-mi-original-imagdrtndgnrymr9.jpeg?q=70
Croma,4.2,0,0,₹11990,₹25000,Netflix|Prime Video|Disney+Hotstar|Youtube,Operating System: Android,HD Ready 1366 x 768 Pixels,20 Speaker Output,60 Hz Refresh Rate,https://rukminim1.flixcart.com/image/312/312/l1nwnm80/television/2/i/r/crel032hof024601-croma-original-imagd69t6mysezaw.jpeg?q=70
Thomson,4.2,0,0,₹9999,₹14999,Prime Video|Youtube,Operating System: Linux,HD Ready 1366 x 768 Pixels,30 W Speaker Output,60 Hz Refresh Rate,https://rukminim1.flixcart.com/image/312/312/l51d30w0/television/1/k/j/-original-imagfsyu8nrz5gzg.jpeg?q=70
iFFALCON,4.3,15277,2435,₹18999,₹36990,Netflix|Disney+Hotstar|Youtube,Operating System: Android,Full HD 1920 x 1080 Pixels,20 W Speaker Output,60 Hz Refresh Rate,https://rukminim1.flixcart.com/image/312/312/k7xnukw0/television/9/z/p/iffalcon-1080p-wide-angle-12mp-waterproof-under-water-portable-original-imafq2fncukhwrc4.jpeg?q=70
Croma,4.2,1773,217,₹7990,₹20000,HD Ready 1366 x 768 Pixels,20 Speaker Output,60 Hz Refresh Rate,2 x HDMI | 2 x USB,1 Year Warranty,https://rukminim1.flixcart.com/image/312/312/ku1k4280/television/p/f/6/crel7369-croma-original-imag7969pxhrwp2k.jpeg?q=70
Adsun,3.8,6742,930,₹8999,₹29999,Netflix|Prime Video|Disney+Hotstar|Youtube,Operating System: Android Based,HD Ready 1366 x 768 Pixels,20 W Speaker Output,60 Hz Refresh Rate,https://rukminim1.flixcart.com/image/312/312/kzn17680/television/o/q/p/a-3210s-f-adsun-original-imagbhqzhafpzhyz.jpeg?q=70
Yuwa,0,0,0,₹8449,₹21990,Netflix|Prime Video|Disney+Hotstar|Youtube,Operating System: Android Based,HD Ready 1366 x 768 Pixels,20 W Speaker Output,60 Hz Refresh Rate,https://rukminim1.flixcart.com/image/312/312/l432ikw0/television/l/y/n/y-32s-fl-sb-yuwa-original-imagf2gycdgufmbr.jpeg?q=70
acer,4.4,5449,897,₹25999,₹31990,Netflix|Prime Video|Disney+Hotstar|Youtube,Operating System: Android,Ultra HD (4K) 3840 x 2160 Pixels,24 W Speaker Output,60 Hz Refresh Rate,https://rukminim1.flixcart.com/image/312/312/l0mr7gw0/television/9/k/i/-original-imagccy3vh26rts4.jpeg?q=70
Mi,4.3,34983,3067,₹16499,₹19999,Netflix|Prime Video|Disney+Hotstar|Youtube,Operating System: Android,HD Ready 1366 x 768 Pixels,20 W Speaker Output,60 Hz Refresh Rate,https://rukminim1.flixcart.com/image/312/312/kf5pzm80/television/f/h/e/mi-l32m6-ei-original-imafvzefsh27shv6.jpeg?q=70
Croma,3.9,0,0,₹18990,₹30000,Netflix|Prime Video|Disney+Hotstar|Youtube,Operating System: Android,Full HD 1920 x 1080 Pixels,20 Speaker Output,60 Hz Refresh Rate,https://rukminim1.flixcart.com/image/312/312/l1nwnm80/television/0/d/b/crel040fof024601-croma-original-imagd69uunejcz4d.jpeg?q=70
realme,4.3,197035,22679,₹21999,₹31999,Netflix|Prime Video|Disney+Hotstar|Youtube,Operating System: Android,Full HD 1920 x 1080 Pixels,24 W Speaker Output,60 Hz Refresh Rate,https://rukminim1.flixcart.com/image/312/312/l3uhvgw0/television/x/q/x/-original-imageuxkcg2fbdkg.jpeg?q=70
SONY,4.6,844,174,₹23990,₹34900,Netflix|Prime Video|Disney+Hotstar|Youtube,Operating System: Android,HD Ready 1366 x 768 Pixels,20 W Speaker Output,60 Hz Refresh Rate,https://rukminim1.flixcart.com/image/312/312/kx9as280/television/d/e/b/-original-imag9rfguf6nevgd.jpeg?q=70
realme,4.2,7279,982,₹17999,₹23999,Netflix|Prime Video|Disney+Hotstar|Youtube,Operating System: Android,Full HD 1080 x 1920 Pixels,24 W Speaker Output,60 Hz Refresh Rate,https://rukminim1.flixcart.com/image/312/312/kq6yefk0/television/e/e/g/rmv2003-realme-original-imag49agdvvhpejg.jpeg?q=70
Adsun,3.8,6742,930,₹16999,₹39999,Netflix|Prime Video|Disney+Hotstar|Youtube,Operating System: Android Based,Full HD 1920 x 1080 Pixels,20 W Speaker Output,60 Hz Refresh Rate,https://rukminim1.flixcart.com/image/312/312/kzn17680/television/g/e/s/a-4300s-f-adsun-original-imagbhqpwyw8z8bp.jpeg?q=70
Mi,4.3,40877,3658,₹40999,₹59999,Netflix|Prime Video|Disney+Hotstar|Youtube,Operating System: Android,Ultra HD (4K) 3840 x 2160 Pixels,40 W Speaker Output,60 Hz Refresh Rate,https://rukminim1.flixcart.com/image/312/312/ksoz53k0/television/j/n/i/l50m6-es-mi-original-imag6774eyhv77fg.jpeg?q=70
SAMSUNG,4.4,7344,883,₹55490,₹80900,Netflix|Disney+Hotstar|Youtube,Operating System: Tizen,Ultra HD (4K) 3840 x 2160 Pixels,20 W Speaker Output,60 Hz Refresh Rate,https://rukminim1.flixcart.com/image/312/312/l3nco7k0/television/t/3/k/-original-imageq5ekyzg27wa.jpeg?q=70
MarQ,4.2,6251,764,₹6999,₹14999,HD Ready 1366 X 768 Pixels,20 W Speaker Output,60 Hz Refresh Rate,2 x HDMI | 2 x USB,1 Year Warranty on Product,https://rukminim1.flixcart.com/image/312/312/ktyp8cw0/television/l/q/3/24hdndmsvab-marq-original-imag76pxgpuzzefz.jpeg?q=70
Adsun,3.8,6742,930,₹6199,₹12999,HD Ready 1366 x 768 Pixels,20 W Speaker Output,60 Hz Refresh Rate,1 x HDMI | 2 x USB,A+ Grade,https://rukminim1.flixcart.com/image/312/312/krntoy80/television/h/i/m/a-2400n-adsun-original-imag5ecpqjfzews3.jpeg?q=70
Nokia,4.3,23271,3975,₹19999,₹24999,Netflix|Prime Video|Disney+Hotstar|Youtube,Operating System: Android,HD Ready 1366 x 768 Pixels,39 W Speaker Output,60 Hz Refresh Rate,https://rukminim1.flixcart.com/image/312/312/ku1k4280/television/x/k/c/32hdadndt8p-nokia-original-imag79bpwyg9a9ga.jpeg?q=70
acer,4.4,5449,897,₹25999,₹34990,Netflix|Prime Video|Disney+Hotstar|Youtube,Operating System: Android,Ultra HD (4K) 3840 x 2160 Pixels,30 W Speaker Output,60 Hz Refresh Rate,https://rukminim1.flixcart.com/image/312/312/l4x2rgw0/television/g/a/e/-original-imagfpuzqvgj2wgk.jpeg?q=70
realme,4.3,25107,2932,₹29999,₹32999,Netflix|Prime Video|Disney+Hotstar|Youtube,Operating System: Android,Ultra HD (4K) 3840 x 2160 Pixels,24 W Speaker Output,60 Hz Refresh Rate,https://rukminim1.flixcart.com/image/312/312/kosxzm80/television/a/7/8/rmv2004-realme-original-imag36hwea8zmnvy.jpeg?q=70
Croma,4.2,1773,217,₹7990,₹20000,HD Ready 1366 x 768 Pixels,20 Speaker Output,60 Hz Refresh Rate,2 x HDMI | 2 x USB,1 Year Warranty,https://rukminim1.flixcart.com/image/312/312/ku1k4280/television/p/f/6/crel7369-croma-original-imag7969pxhrwp2k.jpeg?q=70
Mi,4.3,40877,3658,₹35999,₹41999,Netflix|Disney+Hotstar|Youtube,Operating System: Android,Ultra HD (4K) 3840 x 2160 Pixels,20 W Speaker Output,60 Hz Refresh Rate,https://rukminim1.flixcart.com/image/312/312/kq6yefk0/television/e/p/w/l50m5-5ain-mi-original-imag4969ybwxqwza.jpeg?q=70
realme,4.3,197035,22679,₹21999,₹27999,Netflix|Prime Video|Disney+Hotstar|Youtube,Operating System: Android,Full HD 1920 x 1080 Pixels,24 W Speaker Output,60 Hz Refresh Rate,https://rukminim1.flixcart.com/image/312/312/kae95e80/television/r/g/m/realme-tv-43-original-imafrz78gbgx3zz5.jpeg?q=70
SAMSUNG,4.3,7547,799,₹17490,₹20900,Netflix|Disney+Hotstar|Youtube,Operating System: Tizen,HD Ready 1366 x 768 Pixels,20 W Speaker Output,60 Hz Refresh Rate,https://rukminim1.flixcart.com/image/312/312/kk76wsw0/television/s/u/h/ua32te40fakbxl-samsung-original-imafzhzw3wzyzcgg.jpeg?q=70
Adsun,3.8,6742,930,₹8699,₹21999,Netflix|Disney+Hotstar|Youtube,Operating System: Android Based,HD Ready 1366 x 768 Pixels,20 W Speaker Output,60 Hz Refresh Rate,https://rukminim1.flixcart.com/image/312/312/krntoy80/television/u/d/y/a-3200s-adsun-original-imag5edguuyn54fh.jpeg?q=70
Coocaa,4.2,14827,2328,₹10499,₹36990,Youtube,Operating System: Coolita,HD Ready 1366 x768 Pixels,20 W Speaker Output,60 Hz Refresh Rate,https://rukminim1.flixcart.com/image/312/312/ksgehzk0/television/5/k/i/32s3u-pro-32s3u-pro-coocaa-original-imag6ygbqrnurwfg.jpeg?q=70
realme,4.3,197035,22679,₹24999,₹35999,Netflix|Prime Video|Disney+Hotstar|Youtube,Operating System: Android,Full HD 1920 x 1080 Pixels,24 W Speaker Output,60 Hz Refresh Rate,https://rukminim1.flixcart.com/image/312/312/l3uhvgw0/television/g/c/c/-original-imageuxkfxhruvfx.jpeg?q=70
SAMSUNG,4.4,7344,883,₹35999,₹47900,Netflix|Prime Video|Disney+Hotstar|Youtube,Operating System: Tizen,Ultra HD (4K) Crystal 4K FE UHD (3840 x 2160) Pixels,20 W Speaker Output,50 Hz Refresh Rate,https://rukminim1.flixcart.com/image/312/312/l47cu4w0/television/9/0/f/-original-imagf5qummst7t94.jpeg?q=70
Croma,4.2,0,0,₹11990,₹25000,Netflix|Prime Video|Disney+Hotstar|Youtube,Operating System: Android,HD Ready 1366 x 768 Pixels,20 Speaker Output,60 Hz Refresh Rate,https://rukminim1.flixcart.com/image/312/312/l1nwnm80/television/2/i/r/crel032hof024601-croma-original-imagd69t6mysezaw.jpeg?q=70
OnePlus,4.4,8883,989,₹63990,₹69999,Netflix|Prime Video|Disney+Hotstar|Youtube,Operating System: Android,Ultra HD (4K) 3840 x 2160 Pixels,30 W Speaker Output,60 Hz Refresh Rate,https://rukminim1.flixcart.com/image/312/312/kuwzssw0/television/u/i/r/u-series-65-u1s-65uc1a00-oneplus-original-imag7xtnmnkyz7je.jpeg?q=70
Hisense,4.2,0,0,₹13990,₹24990,Netflix|Prime Video|Disney+Hotstar|Youtube,Operating System: Android,HD Ready 1366 x 768 Pixels,20 W Speaker Output,60 Hz Refresh Rate,https://rukminim1.flixcart.com/image/312/312/kzhbfrk0/television/l/v/9/32e4g-hisense-original-imagbh4zcbwkhnhy.jpeg?q=70
Mi,4.4,663056,67206,₹14999,₹19999,Netflix|Prime Video|Disney+Hotstar|Youtube,Operating System: Android,HD Ready 1366 x 768 Pixels,20 W Speaker Output,60 Hz Refresh Rate,https://rukminim1.flixcart.com/image/312/312/kq6yefk0/television/n/w/v/l32m5-al-mi-original-imag4967mvqvpvgp.jpeg?q=70
Adsun,3.8,6742,930,₹8999,₹29999,Netflix|Prime Video|Disney+Hotstar|Youtube,Operating System: Android Based,HD Ready 1366 x 768 Pixels,20 W Speaker Output,60 Hz Refresh Rate,https://rukminim1.flixcart.com/image/312/312/kzn17680/television/o/q/p/a-3210s-f-adsun-original-imagbhqzhafpzhyz.jpeg?q=70
SAMSUNG,4.4,7344,883,₹47990,₹71400,Netflix|Disney+Hotstar|Youtube,Operating System: Tizen,Ultra HD (4K) 3840 x 2160 Pixels,20 W Speaker Output,60 Hz Refresh Rate,https://rukminim1.flixcart.com/image/312/312/l3nco7k0/television/1/a/v/-original-imageq5egguwvyyb.jpeg?q=70
Thomson,4.4,22032,5954,₹32999,₹40999,Netflix|Prime Video|Disney+Hotstar|Youtube,Operating System: Android,Ultra HD (4K) 3840 x 2160 Pixels,30 W Speaker Output,60 Hz Refresh Rate,https://rukminim1.flixcart.com/image/312/312/kjrh2fk0/television/w/u/f/50-oathpro-1212-50oathpro1212-thomson-original-imafz9gsgcghzfcd.jpeg?q=70
SONY,4.6,0,0,₹59999,₹85900,Netflix|Prime Video|Disney+Hotstar|Youtube,Operating System: Google TV,Ultra HD (4K) 3840 x 2160 Pixels,20 W Speaker Output,60 Hz Refresh Rate,https://rukminim1.flixcart.com/image/312/312/l3bx5e80/television/0/w/q/-original-imageh37h34rehqf.jpeg?q=70
Croma,3.9,0,0,₹18990,₹30000,Netflix|Prime Video|Disney+Hotstar|Youtube,Operating System: Android,Full HD 1920 x 1080 Pixels,20 Speaker Output,60 Hz Refresh Rate,https://rukminim1.flixcart.com/image/312/312/l1nwnm80/television/0/d/b/crel040fof024601-croma-original-imagd69uunejcz4d.jpeg?q=70
SAMSUNG,4.4,7344,883,₹52990,₹76900,Netflix|Disney+Hotstar|Youtube,Operating System: Tizen,Ultra HD (4K) 3840 x 2160 Pixels,20 W Speaker Output,60 Hz Refresh Rate,https://rukminim1.flixcart.com/image/312/312/l3nco7k0/television/5/k/a/-original-imageq5eyxxf8sbe.jpeg?q=70
Nokia,4.4,1378,252,₹54999,₹79999,Netflix|Prime Video|Disney+Hotstar|Youtube,Operating System: Android,Ultra HD (4K) 3840 x 2160 Pixels,60 W Speaker Output,60 Hz Refresh Rate,https://rukminim1.flixcart.com/image/312/312/ku1k4280/television/u/m/d/55uhdaqndt5q-nokia-original-imag79brze72eype.jpeg?q=70
Sansui,4.1,0,0,₹22999,₹33990,Netflix|Disney+Hotstar|Youtube,Operating System: Android,Full HD 1920 x 1080 Pixels,20 W Speaker Output,60 Hz Refresh Rate,https://rukminim1.flixcart.com/image/312/312/l2dmky80/television/k/d/q/-original-imagdqbnphbkwb5r.jpeg?q=70
Adsun,3.8,6742,930,₹16999,₹39999,Netflix|Prime Video|Disney+Hotstar|Youtube,Operating System: Android Based,Full HD 1920 x 1080 Pixels,20 W Speaker Output,60 Hz Refresh Rate,https://rukminim1.flixcart.com/image/312/312/kzn17680/television/g/e/s/a-4300s-f-adsun-original-imagbhqpwyw8z8bp.jpeg?q=70
Coocaa,4.4,0,0,₹11999,₹25999,Netflix|Disney+Hotstar|Youtube,Operating System: Android,HD Ready 1366 x 768 Pixels,20 W Speaker Output,60 Hz Refresh Rate,https://rukminim1.flixcart.com/image/312/312/kz4gh3k0/television/7/z/j/-original-imagb782vzrt7dyq.jpeg?q=70
Thomson,4.1,54251,7937,₹9999,₹14990,HD Ready 1366 x 768 Pixels,20 W Speaker Output,60 Hz Refresh Rate,2 x HDMI | 2 x USB,Thin Bezel Design,https://rukminim1.flixcart.com/image/312/312/k0tw13k0/television/h/a/m/thomson-32tm3290-original-imafkjazamdewz2x.jpeg?q=70
Coocaa,4.3,2662,600,₹32999,₹73990,Netflix|Prime Video|Disney+Hotstar|Youtube,Operating System: Android,Ultra HD (4K) 3840 x 2160 Pixels,20 W Speaker Output,60 Hz Refresh Rate,https://rukminim1.flixcart.com/image/312/312/kikluvk0/television/y/u/r/coocaa-55s6g-original-imafybrnhtaywfyy.jpeg?q=70
MOTOROLA,4.4,9687,1532,₹22499,₹30000,Netflix|Prime Video|Disney+Hotstar|Youtube,Operating System: Android,Full HD 1920 x 1080 Pixels,24 W Speaker Output,60 Hz Refresh Rate,https://rukminim1.flixcart.com/image/312/312/l2jcccw0/television/v/k/n/40fhdadmvvee-motorola-original-imagdv4wzhh4zbdc.jpeg?q=70
Mi,4.3,40877,3658,₹42999,₹49999,Netflix|Prime Video|Disney+Hotstar|Youtube,Operating System: Android Based,Ultra HD (4K) 3840 x 2160 Pixels,20 W Speaker Output,60 Hz Refresh Rate,https://rukminim1.flixcart.com/image/312/312/kq6yefk0/television/e/p/w/l50m5-5ain-mi-original-imag4969ybwxqwza.jpeg?q=70
Thomson,4.1,54251,7937,₹7999,₹10499,HD Ready 1366 x 768 Pixels,20 W Speaker Output,60 Hz Refresh Rate,2 x HDMI | 2 x USB,Zero Dot A+ Panel,https://rukminim1.flixcart.com/image/312/312/kikluvk0/television/h/8/t/thomson-24tm2490-original-imafybphgnhfwuvp.jpeg?q=70
KODAK,4.1,14221,2269,₹8990,₹15999,HD Ready 1366 x 768 Pixels,20 W Speaker Output,60 Hz Refresh Rate,2 x HDMI | 2 x USB,A+ Grade,https://rukminim1.flixcart.com/image/312/312/k1fbmvk0pkrrdj/television-refurbished/k/g/y/u-32hdx900s-a-kodak-original-imafbyffckxnqrhw.jpeg?q=70
Nokia,4.3,23271,3975,₹49999,₹59999,Netflix|Prime Video|Disney+Hotstar|Youtube,Operating System: Android,Ultra HD (4K) 3840 x 2160 Pixels,48 W Speaker Output,60 Hz Refresh Rate,https://rukminim1.flixcart.com/image/312/312/ku1k4280/television/d/c/4/55uhdadndt8p-nokia-original-imag79brj25nu7yb.jpeg?q=70
Nokia,4.3,11336,1966,₹33999,₹45999,Netflix|Prime Video|Disney+Hotstar|Youtube,Operating System: Android,Ultra HD (4K) 3840 x 2160 Pixels,39 W Speaker Output,60 Hz Refresh Rate,https://rukminim1.flixcart.com/image/312/312/ku1k4280/television/n/5/v/43uhdadndt8p-nokia-original-imag79bpdynddxgm.jpeg?q=70
Croma,4.2,0,0,₹11990,₹25000,Netflix|Prime Video|Disney+Hotstar|Youtube,Operating System: Android,HD Ready 1366 x 768 Pixels,20 Speaker Output,60 Hz Refresh Rate,https://rukminim1.flixcart.com/image/312/312/l1nwnm80/television/2/i/r/crel032hof024601-croma-original-imagd69t6mysezaw.jpeg?q=70
Thomson,4.6,2427,585,₹26999,₹39999,Netflix|Prime Video|Disney+Hotstar|Youtube,Operating System: Android,Ultra HD (4K) 3840 x 2160 Pixels,40 W Speaker Output,60 Hz Refresh Rate,https://rukminim1.flixcart.com/image/312/312/ku79vgw0/television/e/m/b/55opmax9055-thomson-original-imag7dn5ddmzz4ya.jpeg?q=70
Hisense,4.4,0,0,₹31999,₹54990,Netflix|Prime Video|Disney+Hotstar|Youtube,Operating System: Android,Ultra HD (4K) 3840 x 2160 Pixels,30 W Speaker Output,60 Hz Refresh Rate,https://rukminim1.flixcart.com/image/312/312/l05lx8w0/television/o/o/a/-original-imagcyevsjpfrg8h.jpeg?q=70
Blaupunkt,4.4,6977,1601,₹15999,₹23999,Prime Video|Disney+Hotstar|Youtube,Operating System: Android,HD Ready 1366 x 768 Pixels,40 W Speaker Output,60 Hz Refresh Rate,https://rukminim1.flixcart.com/image/312/312/l12h1u80/television/9/l/7/-original-imagcppfsdtr8ara.jpeg?q=70
Sansui,4.3,0,0,₹34999,₹53290,Netflix|Disney+Hotstar|Youtube,Operating System: Android,Ultra HD (4K) 3840 x 2160 Pixels,20 W Speaker Output,60 Hz Refresh Rate,https://rukminim1.flixcart.com/image/312/312/l2dmky80/television/y/s/2/-original-imagdqbngxrzkpty.jpeg?q=70
Sansui,4.1,0,0,₹10999,₹17990,HD Ready 1366 x 768 Pixels,20 W Speaker Output,60 Hz Refresh Rate,2 x HDMI | 2 x USB,A+ Grade Panel,https://rukminim1.flixcart.com/image/312/312/l15bxjk0/television/u/g/9/jsy32nshd-sansui-original-imagcs7md9xmzwzz.jpeg?q=70
SONY,4.7,621,131,₹46999,₹66900,Netflix|Prime Video|Disney+Hotstar|Youtube,Operating System: Android,Ultra HD (4K) 3840 x 2160 Pixels,20 W Speaker Output,60 Hz Refresh Rate,https://rukminim1.flixcart.com/image/312/312/kx9as280/television/t/s/o/-original-imag9rf7tsdxhzzq.jpeg?q=70
Sansui,4.2,0,0,₹10490,₹19990,Youtube,Operating System: Linux,HD Ready 1366 x 768 Pixels,20 W Speaker Output,60 Hz Refresh Rate,https://rukminim1.flixcart.com/image/312/312/l3bx5e80/television/z/a/y/jsw32cshd-sansui-original-imagehazmqkezzcp.jpeg?q=70
HUIDI,4,4864,558,₹9299,₹15599,Netflix|Disney+Hotstar|Youtube,Operating System: Android Based,HD Ready 1366 x 768 Pixels,20 W Speaker Output,60 Hz Refresh Rate,https://rukminim1.flixcart.com/image/312/312/ksez24w0/television/s/l/i/hd6fs-pro-huidi-original-imag5zndnwypncda.jpeg?q=70
Blaupunkt,4.4,6977,1601,₹19999,₹29999,Prime Video|Disney+Hotstar|Youtube,Operating System: Android,Full HD 1920 x 1080 Pixels,40 W Speaker Output,60 Hz Refresh Rate,https://rukminim1.flixcart.com/image/312/312/l12h1u80/television/d/t/s/-original-imagcppgegr5sy6z.jpeg?q=70
SONY,4.6,838,147,₹35999,₹44900,Netflix|Youtube,Operating System: Linux,Full HD 1920 x 1080 Pixels,20 W Speaker Output,50 Hz Refresh Rate,https://rukminim1.flixcart.com/image/312/312/kzllrbk0/television/x/u/s/-original-imagbkff7gqmdukq.jpeg?q=70
MOTOROLA,4.4,9687,1532,₹42999,₹48999,Netflix|Prime Video|Disney+Hotstar|Youtube,Operating System: Android,Ultra HD (4K) 3840 x 2160 Pixels,50 W Speaker Output,60 Hz Refresh Rate,https://rukminim1.flixcart.com/image/312/312/ku2zjww0/television/n/m/t/50uhdadmrs7p-motorola-original-imag7a7nxfx7thmx.jpeg?q=70
LG,4.4,0,0,₹59999,₹109990,Netflix|Prime Video|Disney+Hotstar|Youtube,Operating System: WebOS,Ultra HD (4K) 3840 x 2160 Pixels,20 W Speaker Output,60 Hz Refresh Rate,https://rukminim1.flixcart.com/image/312/312/kqse07k0/television/k/s/6/55nano73tpz-55nano73tpz-lg-original-imag4q3zzt8tfxu8.jpeg?q=70
LG,4.5,799,121,₹39999,₹59990,Netflix|Prime Video|Disney+Hotstar|Youtube,Operating System: WebOS,Ultra HD (4K) 3840 x 2160 Pixels,20 W Speaker Output,60 Hz Refresh Rate,https://rukminim1.flixcart.com/image/312/312/kqse07k0/television/h/g/c/43up7720pty-43up7720pty-lg-original-imag4q3zdfjgbbb7.jpeg?q=70
MOTOROLA,4.4,0,0,₹28999,₹39000,Netflix|Prime Video|Disney+Hotstar|Youtube,Operating System: Android,Ultra HD (4K) 3840 x 2160 Pixels,24 W Speaker Output,60 Hz Refresh Rate,https://rukminim1.flixcart.com/image/312/312/l2jcccw0/television/v/d/z/43uhdadmvvge-motorola-original-imagdv4y4fauhbym.jpeg?q=70
LG,4.5,801,121,₹39999,₹59990,Netflix|Prime Video|Disney+Hotstar|Youtube,Operating System: WebOS,Ultra HD (4K) 3840 x 2160 Pixels,20 W Speaker Output,60 Hz Refresh Rate,https://rukminim1.flixcart.com/image/312/312/kqse07k0/television/h/g/c/43up7720pty-43up7720pty-lg-original-imag4q3zdfjgbbb7.jpeg?q=70
MOTOROLA,4.4,0,0,₹28999,₹39000,Netflix|Prime Video|Disney+Hotstar|Youtube,Operating System: Android,Ultra HD (4K) 3840 x 2160 Pixels,24 W Speaker Output,60 Hz Refresh Rate,https://rukminim1.flixcart.com/image/312/312/l2jcccw0/television/v/d/z/43uhdadmvvge-motorola-original-imagdv4y4fauhbym.jpeg?q=70
Yuwa,1.8,0,0,₹8449,₹20999,Netflix|Prime Video|Disney+Hotstar|Youtube,Operating System: Android Based,HD Ready 1366 x 768 Pixels,20 W Speaker Output,60 Hz Refresh Rate,https://rukminim1.flixcart.com/image/312/312/l432ikw0/television/6/k/y/y-32s-fl-yuwa-original-imagf2gy3khffvkm.jpeg?q=70
Croma,4.2,1773,217,₹7990,₹20000,HD Ready 1366 x 768 Pixels,20 Speaker Output,60 Hz Refresh Rate,2 x HDMI | 2 x USB,1 Year Warranty,https://rukminim1.flixcart.com/image/312/312/ku1k4280/television/p/f/6/crel7369-croma-original-imag7969pxhrwp2k.jpeg?q=70
Coocaa,4.4,0,0,₹20999,₹35999,Netflix|Disney+Hotstar|Youtube,Operating System: Android,Full HD 1920 x 1080 Pixels,20 W Speaker Output,60 Hz Refresh Rate,https://rukminim1.flixcart.com/image/312/312/kz4gh3k0/television/p/n/s/-original-imagb782cy86x6q8.jpeg?q=70
MOTOROLA,4.4,9686,1532,₹42999,₹48999,Netflix|Prime Video|Disney+Hotstar|Youtube,Operating System: Android,Ultra HD (4K) 3840 x 2160 Pixels,50 W Speaker Output,60 Hz Refresh Rate,https://rukminim1.flixcart.com/image/312/312/ku2zjww0/television/n/m/t/50uhdadmrs7p-motorola-original-imag7a7nxfx7thmx.jpeg?q=70
Sansui,4.2,0,0,₹13999,₹20990,Netflix|Disney+Hotstar|Youtube,Operating System: Android,HD Ready 1366 x 768 Pixels,20 Speaker Output,60 Hz Refresh Rate,https://rukminim1.flixcart.com/image/312/312/l2dmky80/television/b/b/b/-original-imagdqbnhdzdujn8.jpeg?q=70
Adsun,3.8,6730,929,₹8699,₹21999,Netflix|Disney+Hotstar|Youtube,Operating System: Android Based,HD Ready 1366 x 768 Pixels,20 W Speaker Output,60 Hz Refresh Rate,https://rukminim1.flixcart.com/image/312/312/krntoy80/television/u/d/y/a-3200s-adsun-original-imag5edguuyn54fh.jpeg?q=70
Thomson,4.4,4204,868,₹33999,₹46999,Prime Video|Disney+Hotstar|Youtube,Operating System: Android,Ultra HD (4K) 3840 x 2160 Pixels,40 W Speaker Output,60 Hz Refresh Rate,https://rukminim1.flixcart.com/image/312/312/ku2zjww0/television/w/c/z/43path4545bl-43path4545bl-thomson-original-imag7a88xjj5y2dv.jpeg?q=70
SONY,0,0,0,₹35999,₹44900,Netflix|Youtube,Operating System: Linux,Full HD 1920 x 1080 Pixels,20 W Speaker Output,50 Hz Refresh Rate,https://rukminim1.flixcart.com/image/312/312/kzllrbk0/television/x/u/s/-original-imagbkff7gqmdukq.jpeg?q=70
Croma,4.2,0,0,₹6990,₹15000,HD Ready 1366 x 786 Pixels,16 Speaker Output,60 Hz Refresh Rate,2 x HDMI | 2 x USB,A+ Grade Panel,https://rukminim1.flixcart.com/image/312/312/ku79vgw0/television/w/y/q/crele3101sbt24-croma-original-imag7djy8zcvjghz.jpeg?q=70
Croma,4.3,0,0,₹11990,₹25000,Netflix|Prime Video|Disney+Hotstar|Youtube,Operating System: Android,HD Ready 1366 x 768 Pixels,20 Speaker Output,60 Hz Refresh Rate,https://rukminim1.flixcart.com/image/312/312/l1nwnm80/television/2/i/r/crel032hof024601-croma-original-imagd69t6mysezaw.jpeg?q=70
Blaupunkt,4.6,3381,929,₹28999,₹41999,Netflix|Prime Video|Disney+Hotstar|Youtube,Operating System: Android,Ultra HD (4K) 3840 x 2160 Pixels,50 W Speaker Output,60 Hz Refresh Rate,https://rukminim1.flixcart.com/image/312/312/l12h1u80/television/f/h/b/-original-imagcppfgyfdhqxc.jpeg?q=70
KODAK,4.4,31763,7301,₹17999,₹20999,Prime Video|Disney+Hotstar|Youtube,Operating System: Android,Full HD 1920 x 1080 Pixels,24 W Speaker Output,60 Hz Refresh Rate,https://rukminim1.flixcart.com/image/312/312/kjiwfbk0-0/television/t/3/l/40fhdx7xpro-kodak-original-imafz2zfvujgdwag.jpeg?q=70
SONY,4.8,0,0,₹72990,₹109900,Netflix|Prime Video|Disney+Hotstar|Youtube,Operating System: Google TV,Ultra HD (4K) 3840 x 2160 Pixels,20 W Speaker Output,60 Hz Refresh Rate,https://rukminim1.flixcart.com/image/312/312/l2rwzgw0/television/j/p/0/kd-55x80aj-sony-original-imagefgmyfkbavde.jpeg?q=70
Adsun,0,0,0,₹8999,₹29999,Netflix|Prime Video|Disney+Hotstar|Youtube,Operating System: Android Based,HD Ready 1366 x 768 Pixels,20 W Speaker Output,60 Hz Refresh Rate,https://rukminim1.flixcart.com/image/312/312/kzn17680/television/o/q/p/a-3210s-f-adsun-original-imagbhqzhafpzhyz.jpeg?q=70
Sansui,4.1,0,0,₹8999,₹12990,HD Ready 1366 x 768 Pixels,20 W Speaker Output,60 Hz Refresh Rate,2 x HDMI | 2 x USB,A+ Grade Panel,https://rukminim1.flixcart.com/image/312/312/l15bxjk0/television/x/3/v/jsy24nshd-sansui-original-imagcs7k3c42qpet.jpeg?q=70
Dyanora,4.1,0,0,₹6399,₹10999,HD Ready 1366 x 768 Pixels,20 W Speaker Output,60 Hz Refresh Rate,2 x HDMI | 2 x USB,A+Grade,https://rukminim1.flixcart.com/image/312/312/l4ssfww0/television/8/1/x/-original-imagfm4bjkgbzxky.jpeg?q=70
HUIDI,4,4864,558,₹9299,₹15599,Netflix|Disney+Hotstar|Youtube,Operating System: Android Based,HD Ready 1366 x 768 Pixels,20 W Speaker Output,60 Hz Refresh Rate,https://rukminim1.flixcart.com/image/312/312/ksez24w0/television/s/l/i/hd6fs-pro-huidi-original-imag5zndnwypncda.jpeg?q=70
Croma,3.9,0,0,₹18990,₹30000,Netflix|Prime Video|Disney+Hotstar|Youtube,Operating System: Android,Full HD 1920 x 1080 Pixels,20 Speaker Output,60 Hz Refresh Rate,https://rukminim1.flixcart.com/image/312/312/l1nwnm80/television/0/d/b/crel040fof024601-croma-original-imagd69uunejcz4d.jpeg?q=70
KODAK,4.4,31763,7301,₹20499,₹27999,Disney+Hotstar|Youtube,Operating System: Android,Full HD 1920 x 1080 Pixels,30 W Speaker Output,60 Hz Refresh Rate,https://rukminim1.flixcart.com/image/312/312/kk4c13k0/television/s/z/k/42fhdx7xpro-kodak-original-imafzjcbcc9dcggj.jpeg?q=70
Nokia,4.3,2900,500,₹46999,₹62999,Netflix|Prime Video|Disney+Hotstar|Youtube,Operating System: Android,Ultra HD (4K) 3840 x 2160 Pixels,60 W Speaker Output,60 Hz Refresh Rate,https://rukminim1.flixcart.com/image/312/312/ku1k4280/television/e/w/f/55uhdadndt52x-nokia-original-imag79br5etmuqdb.jpeg?q=70
Hisense,4.3,913,147,₹27990,₹36990,Netflix|Prime Video|Disney+Hotstar|Youtube,Operating System: Android,Ultra HD (4K) 3840 x 2160 Pixels,24 W Speaker Output,60 Hz Refresh Rate,https://rukminim1.flixcart.com/image/312/312/l0bbonk0/television/6/x/u/-original-imagc4c9bxnnup4z.jpeg?q=70
Adsun,3.8,6730,929,₹16999,₹39999,Netflix|Prime Video|Disney+Hotstar|Youtube,Operating System: Android Based,Full HD 1920 x 1080 Pixels,20 W Speaker Output,60 Hz Refresh Rate,https://rukminim1.flixcart.com/image/312/312/kzn17680/television/g/e/s/a-4300s-f-adsun-original-imagbhqpwyw8z8bp.jpeg?q=70
SONY,4.5,0,0,₹27999,₹34900,Netflix|Prime Video|Disney+Hotstar|Youtube,Operating System: Google TV,HD Ready 1366 x 768 Pixels,20 W Speaker Output,60 Hz Refresh Rate,https://rukminim1.flixcart.com/image/312/312/l3bx5e80/television/j/i/9/-original-imageh2q8qbajhcn.jpeg?q=70
SAMSUNG,4.6,0,0,₹75999,₹134900,Netflix|Disney+Hotstar|Youtube,Operating System: Tizen,Ultra HD (4K) 3840 x 2160 Pixels,20 W Speaker Output,60 Hz Refresh Rate,https://rukminim1.flixcart.com/image/312/312/kqse07k0/television/a/3/2/qa55q60aaklxl-samsung-original-imag4qf5sgg3mggz.jpeg?q=70
MOTOROLA,4.4,0,0,₹34999,₹52000,Netflix|Prime Video|Disney+Hotstar|Youtube,Operating System: Android,Ultra HD (4K) 3840 x 2160 Pixels,24 W Speaker Output,60 Hz Refresh Rate,https://rukminim1.flixcart.com/image/312/312/l2jcccw0/television/s/k/s/50uhdadmvvge-motorola-original-imagdv4ybgmn9sgg.jpeg?q=70
Croma,4.2,1773,217,₹7990,₹20000,HD Ready 1366 x 768 Pixels,20 Speaker Output,60 Hz Refresh Rate,2 x HDMI | 2 x USB,1 Year Warranty,https://rukminim1.flixcart.com/image/312/312/ku1k4280/television/p/f/6/crel7369-croma-original-imag7969pxhrwp2k.jpeg?q=70
Coocaa,4.3,867,172,₹17999,₹48990,Netflix|Prime Video|Disney+Hotstar|Youtube,Operating System: Android,Full HD 1920 x 1080 Pixels,20 W Speaker Output,60 Hz Refresh Rate,https://rukminim1.flixcart.com/image/312/312/l2qhjm80/television/x/b/y/-original-imageydsxgyvhbed.jpeg?q=70
Nokia,0,0,0,₹29999,₹40000,Netflix|Prime Video|Disney+Hotstar|Youtube,Operating System: Android,Ultra HD (4K) 3840 x 2160 Pixels,24 W Speaker Output,60 Hz Refresh Rate,https://rukminim1.flixcart.com/image/312/312/l3xcr680/television/d/h/y/-original-imagexnsrn6af5gu.jpeg?q=70
Hisense,4.7,0,0,₹13990,₹24990,Netflix|Disney+Hotstar|Youtube,HD Ready 1366 x 768 Pixels,20 W Speaker Output,60 Hz Refresh Rate,2 x HDMI | 2 x USB,https://rukminim1.flixcart.com/image/312/312/kt0enww0/television/f/b/g/32a4g-32a4g-hisense-original-imag6gdfhhzctvy9.jpeg?q=70
Adsun,3.8,6730,929,₹8699,₹21999,Netflix|Disney+Hotstar|Youtube,Operating System: Android Based,HD Ready 1366 x 768 Pixels,20 W Speaker Output,60 Hz Refresh Rate,https://rukminim1.flixcart.com/image/312/312/krntoy80/television/u/d/y/a-3200s-adsun-original-imag5edguuyn54fh.jpeg?q=70
SONY,4.6,4341,738,₹23999,₹29900,Netflix|Prime Video|Youtube,Operating System: Linux based,HD Ready 1366 x 768 Pixels,20 W Speaker Output,50 Hz Refresh Rate,https://rukminim1.flixcart.com/image/312/312/kbpeoi80/television/h/w/n/sony-kdl-32w6100-kdl-32w6103-original-imafszz3rmvj6xdg.jpeg?q=70
iFFALCON,4.3,18665,2564,₹49990,₹106990,Netflix|Disney+Hotstar|Youtube,Operating System: Android,Ultra HD (4K) 3840 x 2160 Pixels,24 W Speaker Output,60 Hz Refresh Rate,https://rukminim1.flixcart.com/image/312/312/l1tmf0w0/television/k/q/h/-original-imagdbysykjsyfgd.jpeg?q=70
KODAK,4.6,597,160,₹32999,₹46499,Netflix|Prime Video|Disney+Hotstar|Youtube,Operating System: Android,Ultra HD (4K) 3840 x 2160 Pixels,40 W Speaker Output,60 Hz Refresh Rate,https://rukminim1.flixcart.com/image/312/312/ku79vgw0/television/y/x/4/43capro5022-kodak-original-imag7dhjgf2fzk4d.jpeg?q=70
Croma,4.3,0,0,₹11990,₹25000,Netflix|Prime Video|Disney+Hotstar|Youtube,Operating System: Android,HD Ready 1366 x 768 Pixels,20 Speaker Output,60 Hz Refresh Rate,https://rukminim1.flixcart.com/image/312/312/l1nwnm80/television/2/i/r/crel032hof024601-croma-original-imagd69t6mysezaw.jpeg?q=70
Dyanora,4.1,0,0,₹10449,₹18999,Netflix|Prime Video|Disney+Hotstar|Youtube,Operating System: Android Based,HD Ready 1366 x 768 Pixels,20 W Speaker Output,60 Hz Refresh Rate,https://rukminim1.flixcart.com/image/312/312/l4d2ljk0/television/g/b/g/-original-imagf9thhm7kgxpf.jpeg?q=70
Sansui,4.1,0,0,₹26999,₹35390,Netflix|Disney+Hotstar|Youtube,Operating System: Android,Ultra HD (4K) 3840 x 2160 Pixels,20 W Speaker Output,60 Hz Refresh Rate,https://rukminim1.flixcart.com/image/312/312/l2dmky80/television/q/w/a/-original-imagdqbn7s8jzwtu.jpeg?q=70
Dyanora,0,0,0,₹7299,₹12499,Netflix|Prime Video|Disney+Hotstar|Youtube,Operating System: Android Based,HD Ready 1366 x 768 Pixels,20 W Speaker Output,60 Hz Refresh Rate,https://rukminim1.flixcart.com/image/312/312/l4pxk7k0/television/v/a/c/dy-ld24h4s-dy-ld24h4s-dyanora-original-imagfk7yq8gpzzqh.jpeg?q=70
Adsun,3.8,6730,929,₹8999,₹29999,Netflix|Prime Video|Disney+Hotstar|Youtube,Operating System: Android Based,HD Ready 1366 x 768 Pixels,20 W Speaker Output,60 Hz Refresh Rate,https://rukminim1.flixcart.com/image/312/312/kzn17680/television/o/q/p/a-3210s-f-adsun-original-imagbhqzhafpzhyz.jpeg?q=70
TCL,4.3,0,0,₹15990,₹29990,Netflix|Disney+Hotstar|Youtube,Operating System: Android,HD Ready 1366 x 768 Pixels,20 W Speaker Output,60 Hz Refresh Rate,https://rukminim1.flixcart.com/image/312/312/l2krs7k0/television/m/o/g/-original-imagdvsyxk2gnzzn.jpeg?q=70
Thomson,4.6,2427,585,₹33999,₹46999,Netflix|Prime Video|Disney+Hotstar|Youtube,Operating System: Android,Ultra HD (4K) 3840 x 2160 Pixels,40 W Speaker Output,60 Hz Refresh Rate,https://rukminim1.flixcart.com/image/312/312/ku79vgw0/television/e/m/b/55opmax9055-thomson-original-imag7dn5ddmzz4ya.jpeg?q=70
TCL,4.3,0,0,₹31990,₹59990,Netflix|Prime Video|Disney+Hotstar|Youtube,Operating System: Android,Ultra HD (4K) 3840 x 2160 Pixels,19 W Speaker Output,60 Hz Refresh Rate,https://rukminim1.flixcart.com/image/312/312/l2krs7k0/television/2/c/i/-original-imagdvsyygdng6wr.jpeg?q=70
Croma,3.9,0,0,₹18990,₹30000,Netflix|Prime Video|Disney+Hotstar|Youtube,Operating System: Android,Full HD 1920 x 1080 Pixels,20 Speaker Output,60 Hz Refresh Rate,https://rukminim1.flixcart.com/image/312/312/l1nwnm80/television/0/d/b/crel040fof024601-croma-original-imagd69uunejcz4d.jpeg?q=70
MOTOROLA,4.4,9686,1532,₹26999,₹39999,Netflix|Prime Video|Disney+Hotstar|Youtube,Operating System: Android,Full HD 1920 x 1080 Pixels,40 W Speaker Output,60 Hz Refresh Rate,https://rukminim1.flixcart.com/image/312/312/kfzq8i80/television/h/r/5/motorola-40safhdme-original-imafwc58fun9ebzp.jpeg?q=70
TOSHIBA,4.3,1090,164,₹33999,₹46990,Netflix|Prime Video|Youtube,Operating System: VIDAA,Ultra HD (4K) 3840 x 2160 Pixels,30 W Speaker Output,60 Hz Refresh Rate,https://rukminim1.flixcart.com/image/312/312/kex5ci80/television/2/f/s/toshiba-50u5050-original-imafvhn4ybagp54e.jpeg?q=70
Candes,4.1,0,0,₹8299,₹22690,HD Ready 1366 x 768 Pixels,20 Speaker Output,60 Hz Refresh Rate,2 x HDMI | 2 x USB,1 Year Candes Domestic Warranty,https://rukminim1.flixcart.com/image/312/312/krf91u80/television/j/u/x/f32n001-candes-original-imag57hrthw4hvdg.jpeg?q=70
Adsun,3.8,6730,929,₹16999,₹39999,Netflix|Prime Video|Disney+Hotstar|Youtube,Operating System: Android Based,Full HD 1920 x 1080 Pixels,20 W Speaker Output,60 Hz Refresh Rate,https://rukminim1.flixcart.com/image/312/312/kzn17680/television/g/e/s/a-4300s-f-adsun-original-imagbhqpwyw8z8bp.jpeg?q=70
Mi,4.3,34983,3067,₹26999,₹31999,Netflix|Prime Video|Disney+Hotstar|Youtube,Operating System: Android,Full HD 1920 x 1080 Pixels,20 W Speaker Output,60 Hz Refresh Rate,https://rukminim1.flixcart.com/image/312/312/kr2e3680/television/9/l/o/l43m6-ei-mi-original-imag4xqrfhrewu2c.jpeg?q=70
Dyanora,4,0,0,₹17999,₹32999,Netflix|Prime Video|Disney+Hotstar|Youtube,Operating System: Android Based,Full HD 1080 x 1920 Pixels,20 W Speaker Output,60 Hz Refresh Rate,https://rukminim1.flixcart.com/image/312/312/l2xmqvk0/television/s/t/8/dy-ld43f3s-dyanora-original-image65vxqgyndkh.jpeg?q=70
Mi,4.4,663056,67206,₹23990,₹24999,Netflix|Prime Video|Disney+Hotstar|Youtube,Operating System: Android,Full HD 1920 x 1080 Pixels,20 W Speaker Output,60 Hz Refresh Rate,https://rukminim1.flixcart.com/image/312/312/kq6yefk0/television/v/z/2/l40m5-5ain-mi-original-imag4968yrvft7qd.jpeg?q=70
Croma,4.2,1773,217,₹7990,₹20000,HD Ready 1366 x 768 Pixels,20 Speaker Output,60 Hz Refresh Rate,2 x HDMI | 2 x USB,1 Year Warranty,https://rukminim1.flixcart.com/image/312/312/ku1k4280/television/p/f/6/crel7369-croma-original-imag7969pxhrwp2k.jpeg?q=70
NOKIA,4.3,23271,3975,₹62999,₹79999,Netflix|Prime Video|Disney+Hotstar|Youtube,Operating System: Android,Ultra HD (4K) 3840 x 2160 Pixels,48 W Speaker Output,60 Hz Refresh Rate,https://rukminim1.flixcart.com/image/312/312/ku1k4280/television/z/v/a/65uhdadndt8p-nokia-original-imag79brjvfgfden.jpeg?q=70
Nokia,4.3,23271,3975,₹32999,₹45999,Netflix|Prime Video|Disney+Hotstar|Youtube,Operating System: Android,Ultra HD (4K) 3840 x 2160 Pixels,39 W Speaker Output,60 Hz Refresh Rate,https://rukminim1.flixcart.com/image/312/312/kfwvcsw0/television/e/a/z/nokia-43tauhdn-original-imafw8xervyfxmuz.jpeg?q=70
SAMSUNG,4.4,4261,460,₹29990,₹38900,Netflix|Disney+Hotstar|Youtube,Operating System: Tizen,Full HD 1920 x 1080 Pixels,20 W Speaker Output,60 Hz Refresh Rate,https://rukminim1.flixcart.com/image/312/312/kfoapow0/television/v/h/k/samsung-ua43te50fakxxl-original-imafw2r7knjww635.jpeg?q=70
Adsun,3.8,6742,930,₹8699,₹21999,Netflix|Disney+Hotstar|Youtube,Operating System: Android Based,HD Ready 1366 x 768 Pixels,20 W Speaker Output,60 Hz Refresh Rate,https://rukminim1.flixcart.com/image/312/312/krntoy80/television/u/d/y/a-3200s-adsun-original-imag5edguuyn54fh.jpeg?q=70
TCL,4.4,0,0,₹41349,₹75990,Netflix|Prime Video|Disney+Hotstar|Youtube,Operating System: Android,Ultra HD (4K) 3860 x 2160 Pixels,24 W Speaker Output,60 Hz Refresh Rate,https://rukminim1.flixcart.com/image/312/312/l2krs7k0/television/q/7/g/-original-imagdvsyfgjfvvgq.jpeg?q=70
Blaupunkt,4.6,3380,928,₹39999,₹55999,Netflix|Prime Video|Disney+Hotstar|Youtube,Operating System: Android,Ultra HD (4K) 3840 x 2160 Pixels,60 W Speaker Output,60 Hz Refresh Rate,https://rukminim1.flixcart.com/image/312/312/l12h1u80/television/z/c/1/-original-imagcppgc2ycvxdb.jpeg?q=70
Nokia,4.3,2900,500,₹33999,₹48999,Netflix|Prime Video|Disney+Hotstar|Youtube,Operating System: Android,Ultra HD (4K) 3840 x 2160 Pixels,60 W Speaker Output,60 Hz Refresh Rate,https://rukminim1.flixcart.com/image/312/312/ku1k4280/television/3/o/4/43uhdadndt52x-nokia-original-imag79brwke2ffgu.jpeg?q=70
Croma,4.2,0,0,₹11990,₹25000,Netflix|Prime Video|Disney+Hotstar|Youtube,Operating System: Android,HD Ready 1366 x 768 Pixels,20 Speaker Output,60 Hz Refresh Rate,https://rukminim1.flixcart.com/image/312/312/l1nwnm80/television/2/i/r/crel032hof024601-croma-original-imagd69t6mysezaw.jpeg?q=70
Dyanora,4.1,0,0,₹7299,₹12499,Netflix|Prime Video|Disney+Hotstar|Youtube,Operating System: Android Based,HD Ready 1366 x 768 Pixels,20 W Speaker Output,60 Hz Refresh Rate,https://rukminim1.flixcart.com/image/312/312/l4pxk7k0/television/v/a/c/dy-ld24h4s-dy-ld24h4s-dyanora-original-imagfk7yq8gpzzqh.jpeg?q=70
Vu,4.4,32043,4978,₹36999,₹75000,Netflix|Prime Video|Disney+Hotstar|Youtube,Operating System: Android,Ultra HD (4K) 3840 x 2160 Pixels,30 W Speaker Output,60 Hz Refresh Rate,https://rukminim1.flixcart.com/image/312/312/kx6fwcw0/television/w/5/8/-original-imag9zvwz5ffv9ec.jpeg?q=70
TOSHIBA,4.4,0,0,₹14990,₹24990,Netflix|Prime Video|Disney+Hotstar|Youtube,Operating System: Android,HD Ready 1366 x 768 Pixels,20 w Speaker Output 20,60 Hz Refresh Rate,https://rukminim1.flixcart.com/image/312/312/l0bbonk0/television/q/q/s/-original-imagc4h9rbnxsfgv.jpeg?q=70
Adsun,3.8,6742,930,₹8999,₹29999,Netflix|Prime Video|Disney+Hotstar|Youtube,Operating System: Android Based,HD Ready 1366 x 768 Pixels,20 W Speaker Output,60 Hz Refresh Rate,https://rukminim1.flixcart.com/image/312/312/kzn17680/television/o/q/p/a-3210s-f-adsun-original-imagbhqzhafpzhyz.jpeg?q=70
KODAK,4.6,597,160,₹27999,₹39999,Netflix|Prime Video|Disney+Hotstar|Youtube,Operating System: Android,Ultra HD (4K) 3840 x 2160 Pixels,40 W Speaker Output,60 Hz Refresh Rate,https://rukminim1.flixcart.com/image/312/312/ku79vgw0/television/y/x/4/43capro5022-kodak-original-imag7dhjgf2fzk4d.jpeg?q=70
Adsun,3.8,6742,930,₹6199,₹12999,HD Ready 1366 x 768 Pixels,20 W Speaker Output,60 Hz Refresh Rate,1 x HDMI | 2 x USB,A+ Grade,https://rukminim1.flixcart.com/image/312/312/krntoy80/television/h/i/m/a-2400n-adsun-original-imag5ecpqjfzews3.jpeg?q=70
Nokia,4.3,23271,3975,₹15499,₹20000,Netflix|Prime Video|Disney+Hotstar|Youtube,Operating System: Android,HD Ready 1366 x 768 Pixels,24 W Speaker Output,60 Hz Refresh Rate,https://rukminim1.flixcart.com/image/312/312/l3xcr680/television/k/e/t/-original-imagexnsy2gru4q9.jpeg?q=70
Croma,3.9,0,0,₹18990,₹30000,Netflix|Prime Video|Disney+Hotstar|Youtube,Operating System: Android,Full HD 1920 x 1080 Pixels,20 Speaker Output,60 Hz Refresh Rate,https://rukminim1.flixcart.com/image/312/312/l1nwnm80/television/0/d/b/crel040fof024601-croma-original-imagd69uunejcz4d.jpeg?q=70
Vu,4.4,32043,4978,₹54999,₹75000,Netflix|Disney+Hotstar|Youtube,Operating System: Android,Ultra HD (4K) 3840 x 2160 Pixels,30 W Speaker Output,60 Hz Refresh Rate,https://rukminim1.flixcart.com/image/312/312/kx6fwcw0/television/w/5/8/-original-imag9zvwz5ffv9ec.jpeg?q=70
Hyundai,4.4,0,0,₹11990,₹18990,HD Ready 1366 x 768 Pixels,16 W Speaker Output,60 Hz Refresh Rate,2 x HDMI | 2 x USB,A+ Grade Panel,https://rukminim1.flixcart.com/image/312/312/l1fc0i80/television/u/q/g/athy32hdb18w-hyundai-original-imagczwk2brcutjy.jpeg?q=70
PHILIPS,4.1,0,0,₹43999,₹89990,Netflix|Youtube,Operating System: Linux based,Ultra HD (4K) 3840 x 2160 Pixels,20 W Speaker Output,60 Hz Refresh Rate,https://rukminim1.flixcart.com/image/312/312/kshtxu80/television/b/l/c/58put7605-94-philips-original-imag6fyzhgeg5qug.jpeg?q=70
Adsun,3.8,6742,930,₹16999,₹39999,Netflix|Prime Video|Disney+Hotstar|Youtube,Operating System: Android Based,Full HD 1920 x 1080 Pixels,20 W Speaker Output,60 Hz Refresh Rate,https://rukminim1.flixcart.com/image/312/312/kzn17680/television/g/e/s/a-4300s-f-adsun-original-imagbhqpwyw8z8bp.jpeg?q=70
KODAK,4.4,1693,368,₹30999,₹42999,Prime Video|Disney+Hotstar|Youtube,Operating System: Android,Ultra HD (4K) 3840 x 2160 Pixels,40 W Speaker Output,60 Hz Refresh Rate,https://rukminim1.flixcart.com/image/312/312/kwzap3k0/television/d/l/f/50uhdx7xprobl-kodak-original-imag9j5gdnfrr3gp.jpeg?q=70
Hyundai,4.9,0,0,₹13499,₹23990,Netflix|Prime Video|Disney+Hotstar|Youtube,Operating System: Android Based,HD Ready 1366 x 768 Pixels,16 W Speaker Output,60 Hz Refresh Rate,https://rukminim1.flixcart.com/image/312/312/l1fc0i80/television/x/w/x/smthy32hdb52vrtyw-hyundai-original-imagczwzpe6wdh8k.jpeg?q=70
Dyanora,4,0,0,₹17999,₹32999,Netflix|Prime Video|Disney+Hotstar|Youtube,Operating System: Android Based,Full HD 1080 x 1920 Pixels,20 W Speaker Output,60 Hz Refresh Rate,https://rukminim1.flixcart.com/image/312/312/l2xmqvk0/television/s/t/8/dy-ld43f3s-dyanora-original-image65vxqgyndkh.jpeg?q=70
Croma,4.2,1773,217,₹7990,₹20000,HD Ready 1366 x 768 Pixels,20 Speaker Output,60 Hz Refresh Rate,2 x HDMI | 2 x USB,1 Year Warranty,https://rukminim1.flixcart.com/image/312/312/ku1k4280/television/p/f/6/crel7369-croma-original-imag7969pxhrwp2k.jpeg?q=70
realme,4.3,2104,291,₹48999,₹69999,Netflix|Prime Video|Disney+Hotstar|Youtube,Operating System: Android,Ultra HD (4K) 3840 x 2160 Pixels,24 W Speaker Output,60 Hz Refresh Rate,https://rukminim1.flixcart.com/image/312/312/kg2l47k0/television/p/k/4/realme-rmv2001-sled-tv-55-original-imafwe38mxfgcf8g.jpeg?q=70
MOTOROLA,4.4,9686,1532,₹14999,₹20000,Netflix|Prime Video|Disney+Hotstar|Youtube,Operating System: Android,HD Ready 1366 x 768 Pixels,24 W Speaker Output,60 Hz Refresh Rate,https://rukminim1.flixcart.com/image/312/312/l2jcccw0/television/q/q/9/32hdadmvvee-motorola-original-imagdv4w48hkvcnq.jpeg?q=70
Nokia,0,0,0,₹42999,₹70000,Netflix|Prime Video|Disney+Hotstar|Youtube,Operating System: Android,Ultra HD (4K) 3840 x 2160 Pixels,24 W Speaker Output,60 Hz Refresh Rate,https://rukminim1.flixcart.com/image/312/312/l2p23rk0/television/3/q/k/-original-imagdzfjgkfbbs3g.jpeg?q=70
Adsun,3.8,6730,929,₹8699,₹21999,Netflix|Disney+Hotstar|Youtube,Operating System: Android Based,HD Ready 1366 x 768 Pixels,20 W Speaker Output,60 Hz Refresh Rate,https://rukminim1.flixcart.com/image/312/312/krntoy80/television/u/d/y/a-3200s-adsun-original-imag5edguuyn54fh.jpeg?q=70
iFFALCON,4.2,0,0,₹37999,₹73990,Netflix|Disney+Hotstar|Youtube,Operating System: Android,Ultra HD (4K) 3840 x 2160 Pixels,24 W Speaker Output,60 Hz Refresh Rate,https://rukminim1.flixcart.com/image/312/312/kve530w0/television/9/1/s/-original-imag8axmyuymr7gv.jpeg?q=70
MOTOROLA,0,0,0,₹49999,₹59999,Netflix|Prime Video|Disney+Hotstar|Youtube,Operating System: Android,Ultra HD (4K) 3840×2160 Pixels,60 W Speaker Output,60 Hz Refresh Rate,https://rukminim1.flixcart.com/image/312/312/ku1k4280/television/k/i/u/50uhdaqmdt5q-motorola-original-imag78tyhv4ha3zj.jpeg?q=70
MOTOROLA,4.4,9686,1532,₹19999,₹29999,Netflix|Prime Video|Disney+Hotstar|Youtube,Operating System: Android,HD Ready 1366 x 768 Pixels,40 W Speaker Output,60 Hz Refresh Rate,https://rukminim1.flixcart.com/image/312/312/kfzq8i80/television/m/d/d/motorola-32sahdme-original-imafwc5yzz7cyv3r.jpeg?q=70
Croma,4.3,0,0,₹11990,₹25000,Netflix|Prime Video|Disney+Hotstar|Youtube,Operating System: Android,HD Ready 1366 x 768 Pixels,20 Speaker Output,60 Hz Refresh Rate,https://rukminim1.flixcart.com/image/312/312/l1nwnm80/television/2/i/r/crel032hof024601-croma-original-imagd69t6mysezaw.jpeg?q=70
MOTOROLA,4.5,0,0,₹25499,₹33000,Netflix|Prime Video|Disney+Hotstar|Youtube,Operating System: Android,Full HD 1920 x 1080 Pixels,24 W Speaker Output,60 Hz Refresh Rate,https://rukminim1.flixcart.com/image/312/312/l2jcccw0/television/d/i/m/43fhdadmvvee-motorola-original-imagdv4wrgtupkhw.jpeg?q=70
MOTOROLA,4.4,0,0,₹41999,₹72000,Netflix|Prime Video|Disney+Hotstar|Youtube,Operating System: Android,Ultra HD (4K) 3840 x 2160 Pixels,24 W Speaker Output,60 Hz Refresh Rate,https://rukminim1.flixcart.com/image/312/312/l2jcccw0/television/6/a/z/55uhdadmvvge-motorola-original-imagdv4yffj9sveb.jpeg?q=70
MOTOROLA,4.3,20879,3410,₹45999,₹61999,Netflix|Prime Video|Disney+Hotstar|Youtube,Operating System: Android,Ultra HD (4K) 3840 x 2160 Pixels,50 W Speaker Output,60 Hz Refresh Rate,https://rukminim1.flixcart.com/image/312/312/kingqkw0/television/w/b/y/motorola-43sauhdmq-original-imafydykpnw3hzgv.jpeg?q=70
Adsun,3.8,6730,929,₹8999,₹29999,Netflix|Prime Video|Disney+Hotstar|Youtube,Operating System: Android Based,HD Ready 1366 x 768 Pixels,20 W Speaker Output,60 Hz Refresh Rate,https://rukminim1.flixcart.com/image/312/312/kzn17680/television/o/q/p/a-3210s-f-adsun-original-imagbhqzhafpzhyz.jpeg?q=70
Mi,4.4,663035,67204,₹24999,₹29999,Netflix|Prime Video|Disney+Hotstar|Youtube,Operating System: Android,Full HD 1920 x 1080 Pixels,20 W Speaker Output,60 Hz Refresh Rate,https://rukminim1.flixcart.com/image/312/312/kq6yefk0/television/d/a/j/l43m5-an-mi-original-imag4967gctacntj.jpeg?q=70
LG,4.4,5829,698,₹44990,₹64990,Netflix|Prime Video|Disney+Hotstar|Youtube,Operating System: WebOS,Ultra HD (4K) 3840 x 2160 Pixels,20 W Speaker Output,60 Hz Refresh Rate,https://rukminim1.flixcart.com/image/312/312/kqse07k0/television/9/u/x/50up7500ptz-50up7500ptz-lg-original-imag4q3z3jjxt7ek.jpeg?q=70
Hisense,4.3,0,0,₹54990,₹79990,Netflix|Prime Video|Disney+Hotstar|Youtube,Operating System: Android,Ultra HD (4K) 3840 x 2160 Pixels,24 W Speaker Output,60 Hz Refresh Rate,https://rukminim1.flixcart.com/image/312/312/l3dcl8w0/television/m/x/q/-original-imagehzaaqdkzw3u.jpeg?q=70
Croma,3.9,0,0,₹18990,₹30000,Netflix|Prime Video|Disney+Hotstar|Youtube,Operating System: Android,Full HD 1920 x 1080 Pixels,20 Speaker Output,60 Hz Refresh Rate,https://rukminim1.flixcart.com/image/312/312/l1nwnm80/television/0/d/b/crel040fof024601-croma-original-imagd69uunejcz4d.jpeg?q=70
SONY,0,0,0,₹53999,₹66900,Netflix|Prime Video|Disney+Hotstar|Youtube,Operating System: Android,Ultra HD (4K) 3840 x 2160 Pixels,20 W Speaker Output,50 Hz Refresh Rate,https://rukminim1.flixcart.com/image/312/312/kqqykcw0/television/z/s/m/kd-50x75-sony-original-imag4p2w6742eqjc.jpeg?q=70
Thomson,4.3,6421,1797,₹23999,₹29999,Prime Video|Disney+Hotstar|Youtube,Operating System: Android,Ultra HD (4K) 3840 x 2160 Pixels,24 W Speaker Output,60 Hz Refresh Rate,https://rukminim1.flixcart.com/image/312/312/kiyw9e80-0/television/f/g/i/43path4545-thomson-original-imafynyvqnxfnzfd.jpeg?q=70
Vu,4.3,34843,4762,₹23999,₹40000,Netflix|Prime Video|Disney+Hotstar|Youtube,Operating System: Android,Full HD 1920 x 1080 Pixels,24 W Speaker Output,60 Hz Refresh Rate,https://rukminim1.flixcart.com/image/312/312/kykgb680/television/o/u/l/-original-imagas4zaf5guqjd.jpeg?q=70
SAMSUNG,4.4,7341,883,₹35999,₹47900,Netflix|Prime Video|Disney+Hotstar|Youtube,Operating System: Tizen,Ultra HD (4K) Crystal 4K FE UHD (3840 x 2160) Pixels,20 W Speaker Output,50 Hz Refresh Rate,https://rukminim1.flixcart.com/image/312/312/l47cu4w0/television/9/0/f/-original-imagf5qummst7t94.jpeg?q=70
Nokia,4.3,11336,1966,₹42999,₹70000,Netflix|Prime Video|Disney+Hotstar|Youtube,Operating System: Android,Ultra HD (4K) 3840 x 2160 Pixels,24 W Speaker Output,60 Hz Refresh Rate,https://rukminim1.flixcart.com/image/312/312/l2p23rk0/television/3/q/k/-original-imagdzfjgkfbbs3g.jpeg?q=70
Blaupunkt,4.4,6977,1601,₹13499,₹19499,Prime Video|Disney+Hotstar|Youtube,Operating System: Android,HD Ready 1366 x 768 Pixels,40 W Speaker Output,60 Hz Refresh Rate,https://rukminim1.flixcart.com/image/312/312/l12h1u80/television/r/d/6/-original-imagcppf9wkqyug5.jpeg?q=70
ONIDA,4.4,591,102,₹13999,₹23490,Netflix|Prime Video|Youtube,Operating System: VIDAA,HD Ready 1366 x 768 Pixels,20 W Speaker Output,60 Hz Refresh Rate,https://rukminim1.flixcart.com/image/312/312/l1qrjbk0/television/p/8/w/32iv-onida-original-imagd8pe9r52edvc.jpeg?q=70
Croma,4.2,1773,217,₹7990,₹20000,HD Ready 1366 x 768 Pixels,20 Speaker Output,60 Hz Refresh Rate,2 x HDMI | 2 x USB,1 Year Warranty,https://rukminim1.flixcart.com/image/312/312/ku1k4280/television/p/f/6/crel7369-croma-original-imag7969pxhrwp2k.jpeg?q=70
KODAK,4.3,3192,770,₹32999,₹39990,Prime Video|Disney+Hotstar|Youtube,Operating System: Android,Ultra HD (4K) 3840 x 2160 Pixels,24 W Speaker Output,60 Hz Refresh Rate,https://rukminim1.flixcart.com/image/312/312/kjiwfbk0-0/television/5/z/a/55uhdx7xpro-kodak-original-imafz2zf4zqgsna9.jpeg?q=70
CORNEA,0,0,0,₹10999,₹19999,Netflix|Prime Video|Disney+Hotstar|Youtube,Operating System: Android,Full HD 1920 x 1080 Pixels,20 W Speaker Output,60 Hz Refresh Rate,https://rukminim1.flixcart.com/image/312/312/l4x2rgw0/television/m/u/j/-original-imagfpghgc3gr3mq.jpeg?q=70
Xiaomi,4.7,0,0,₹89999,₹199999,Netflix|Prime Video|Disney+Hotstar|Youtube,Operating System: Android,Ultra HD (4K) 3840 x 2160 Pixels,30 W Speaker Output,60 Hz Refresh Rate,https://rukminim1.flixcart.com/image/312/312/l3dcl8w0/television/y/j/f/-original-imageg44rmug6gqt.jpeg?q=70
Adsun,3.8,6742,930,₹8699,₹21999,Netflix|Disney+Hotstar|Youtube,Operating System: Android Based,HD Ready 1366 x 768 Pixels,20 W Speaker Output,60 Hz Refresh Rate,https://rukminim1.flixcart.com/image/312/312/krntoy80/television/u/d/y/a-3200s-adsun-original-imag5edguuyn54fh.jpeg?q=70
LG,4.4,0,0,₹39990,₹59990,Netflix|Prime Video|Disney+Hotstar|Youtube,Operating System: WebOS,Ultra HD (4K) 3840 x 2160 Pixels,20 W Speaker Output,60 Hz Refresh Rate,https://rukminim1.flixcart.com/image/312/312/kqse07k0/television/z/a/z/43nano73tpz-43nano73tpz-lg-original-imag4q3xcjfyhacx.jpeg?q=70
Vu,4.3,0,0,₹35999,₹60000,Netflix|Disney+Hotstar|Youtube,Operating System: Android,Ultra HD (4K) 3840 x 2160 Pixels,40 W Speaker Output,60 Hz Refresh Rate,https://rukminim1.flixcart.com/image/312/312/k5vcya80/television/z/k/e/vu-50ca-original-imafzgkftuszcbza.jpeg?q=70
acer,4.4,1722,265,₹13999,₹19990,Netflix|Prime Video|Disney+Hotstar|Youtube,Operating System: Android,HD Ready 1366 x 768 Pixels,24 W Speaker Output,60 Hz Refresh Rate,https://rukminim1.flixcart.com/image/312/312/kwqq1zk0/television/f/g/x/-original-imag9cjzwcc9hsjm.jpeg?q=70
Croma,4.2,0,0,₹11990,₹25000,Netflix|Prime Video|Disney+Hotstar|Youtube,Operating System: Android,HD Ready 1366 x 768 Pixels,20 Speaker Output,60 Hz Refresh Rate,https://rukminim1.flixcart.com/image/312/312/l1nwnm80/television/2/i/r/crel032hof024601-croma-original-imagd69t6mysezaw.jpeg?q=70
TCL,4.4,0,0,₹34990,₹62990,Netflix|Prime Video|Disney+Hotstar|Youtube,Ultra HD (4K) 3840x2160 Pixels,24W Speaker Output,60 Hz Refresh Rate,3 x HDMI | 1 x USB,https://rukminim1.flixcart.com/image/312/312/l2krs7k0/television/q/7/g/-original-imagdvsyfgjfvvgq.jpeg?q=70
LG,4.5,799,121,₹55990,₹89990,Netflix|Prime Video|Disney+Hotstar|Youtube,Operating System: WebOS,Ultra HD (4K) 3840 x 2160 Pixels,20 W Speaker Output,60 Hz Refresh Rate,https://rukminim1.flixcart.com/image/312/312/kqse07k0/television/d/b/f/55up7720pty-55up7720pty-lg-original-imag4q3ysrnhq3z4.jpeg?q=70
TCL,4.9,0,0,₹36990,₹50990,Netflix|Prime Video|Disney+Hotstar|Youtube,Operating System: Android,Ultra HD (4K) 3840 × 2160 Pixels,24 rms Speaker Output,60 Hz Refresh Rate,https://rukminim1.flixcart.com/image/312/312/l2krs7k0/television/p/9/b/-original-imagdvsyzur3gvbw.jpeg?q=70
Adsun,3.8,6742,930,₹8999,₹29999,Netflix|Prime Video|Disney+Hotstar|Youtube,Operating System: Android Based,HD Ready 1366 x 768 Pixels,20 W Speaker Output,60 Hz Refresh Rate,https://rukminim1.flixcart.com/image/312/312/kzn17680/television/o/q/p/a-3210s-f-adsun-original-imagbhqzhafpzhyz.jpeg?q=70
Coocaa,4.2,14827,2328,₹39999,0,Prime Video|Disney+Hotstar|Youtube,Operating System: Coolita,Full HD 1920 x 1080 Pixels,30 W Speaker Output,60 Hz Refresh Rate,https://rukminim1.flixcart.com/image/312/312/l4x2rgw0/television/e/i/k/-original-imagfpejzvnepwvn.jpeg?q=70
Nokia,4.3,23271,3975,₹22999,₹29000,Netflix|Prime Video|Disney+Hotstar|Youtube,Operating System: Android,Full HD 1920 x 1080 Pixels,24 W Speaker Output,60 Hz Refresh Rate,https://rukminim1.flixcart.com/image/312/312/l3xcr680/television/f/f/p/-original-imagexnssdcgzyzj.jpeg?q=70
TCL,4.7,0,0,₹25390,₹47990,Netflix|Prime Video|Disney+Hotstar|Youtube,Operating System: Android,Full HD 1920 x 1080 Pixels,20 rms Speaker Output,60 Hz Refresh Rate,https://rukminim1.flixcart.com/image/312/312/l2krs7k0/television/c/x/i/-original-imagdvsyhphjahyx.jpeg?q=70
Croma,3.9,0,0,₹18990,₹30000,Netflix|Prime Video|Disney+Hotstar|Youtube,Operating System: Android,Full HD 1920 x 1080 Pixels,20 Speaker Output,60 Hz Refresh Rate,https://rukminim1.flixcart.com/image/312/312/l1nwnm80/television/0/d/b/crel040fof024601-croma-original-imagd69uunejcz4d.jpeg?q=70
Sansui,0,0,0,₹13479,₹19990,HD Ready 1366 x 768 Pixels,20 Speaker Output,60 Hz Refresh Rate,2 x HDMI | 2 x USB,1 year comprehensive warranty,https://rukminim1.flixcart.com/image/312/312/l1grgcw0/television/p/q/6/jsy32skhd-sansui-original-imagdf2hfceparab.jpeg?q=70
Blaupunkt,4.6,3380,928,₹55999,₹75999,Netflix|Prime Video|Disney+Hotstar|Youtube,Operating System: Android,Ultra HD (4K) 3840 x 2160 Pixels,60 W Speaker Output,60 Hz Refresh Rate,https://rukminim1.flixcart.com/image/312/312/l12h1u80/television/z/c/1/-original-imagcppgc2ycvxdb.jpeg?q=70
ONIDA,4.4,591,102,₹35999,₹68990,Netflix|Prime Video|Youtube,Operating System: VIDAA,Ultra HD (4K) 3840 x 2160 Pixels,20 W Speaker Output,60 Hz Refresh Rate,https://rukminim1.flixcart.com/image/312/312/l12h1u80/television/a/f/f/55uiv-onida-original-imagcpwwsushcvb3.jpeg?q=70
Adsun,3.8,6742,930,₹6199,₹12999,HD Ready 1366 x 768 Pixels,20 W Speaker Output,60 Hz Refresh Rate,1 x HDMI | 2 x USB,A+ Grade,https://rukminim1.flixcart.com/image/312/312/krntoy80/television/h/i/m/a-2400n-adsun-original-imag5ecpqjfzews3.jpeg?q=70
Hisense,4.2,0,0,₹62990,₹89990,Netflix|Prime Video|Disney+Hotstar|Youtube,Operating System: Android,Ultra HD (4K) 3840 x 2160 Pixels,102 W Speaker Output,60 Hz Refresh Rate,https://rukminim1.flixcart.com/image/312/312/l26hdow0/television/e/v/x/-original-imagdkzjp6xtvyqz.jpeg?q=70
Blaupunkt,4.6,3381,929,₹55999,₹75999,Netflix|Prime Video|Disney+Hotstar|Youtube,Operating System: Android,Ultra HD (4K) 3840 x 2160 Pixels,60 W Speaker Output,60 Hz Refresh Rate,https://rukminim1.flixcart.com/image/312/312/l12h1u80/television/z/c/1/-original-imagcppgc2ycvxdb.jpeg?q=70
ONIDA,4.4,591,102,₹35999,₹68990,Netflix|Prime Video|Youtube,Operating System: VIDAA,Ultra HD (4K) 3840 x 2160 Pixels,20 W Speaker Output,60 Hz Refresh Rate,https://rukminim1.flixcart.com/image/312/312/l12h1u80/television/a/f/f/55uiv-onida-original-imagcpwwsushcvb3.jpeg?q=70
Croma,4.2,1773,217,₹7990,₹20000,HD Ready 1366 x 768 Pixels,20 Speaker Output,60 Hz Refresh Rate,2 x HDMI | 2 x USB,1 Year Warranty,https://rukminim1.flixcart.com/image/312/312/ku1k4280/television/p/f/6/crel7369-croma-original-imag7969pxhrwp2k.jpeg?q=70
Compaq,4.4,0,0,₹20999,₹34999,Netflix|Prime Video|Disney+Hotstar|Youtube,Operating System: Android,Full HD 1920 x 1080 Pixels,24 W Speaker Output,60 Hz Refresh Rate,https://rukminim1.flixcart.com/image/312/312/kxf0jgw0/television/c/e/u/cq40apfd-compaq-original-imag9ve8ehxg9g2q.jpeg?q=70
Hisense,5,0,0,₹22990,₹34990,Netflix|Prime Video|Disney+Hotstar|Youtube,Operating System: Android,Full HD 1920 x 1080 Pixels,20 W Speaker Output,60 Hz Refresh Rate,https://rukminim1.flixcart.com/image/312/312/l26hdow0/television/o/d/2/43a4g-hisense-original-imagdh27sey8kfpx.jpeg?q=70
Nokia,4.3,11327,1965,₹36999,₹50000,Netflix|Prime Video|Disney+Hotstar|Youtube,Operating System: Android,Ultra HD (4K) 3840 x 2160 Pixels,24 W Speaker Output,60 Hz Refresh Rate,https://rukminim1.flixcart.com/image/312/312/l2p23rk0/television/9/i/s/-original-imagdzfjvbfrbprp.jpeg?q=70
Adsun,3.8,6730,929,₹8699,₹21999,Netflix|Disney+Hotstar|Youtube,Operating System: Android Based,HD Ready 1366 x 768 Pixels,20 W Speaker Output,60 Hz Refresh Rate,https://rukminim1.flixcart.com/image/312/312/krntoy80/television/u/d/y/a-3200s-adsun-original-imag5edguuyn54fh.jpeg?q=70
SAMSUNG,4.2,1033,143,₹69990,₹119900,Netflix|Prime Video|Disney+Hotstar|Youtube,Operating System: Tizen,Ultra HD (4K) 3840 x 2160 Pixels,20 W Speaker Output,60 Hz Refresh Rate,https://rukminim1.flixcart.com/image/312/312/l2rwzgw0/television/i/q/r/-original-imagefjnnfcuvuhn.jpeg?q=70
SONY,0,0,0,₹70990,₹99900,Netflix|Prime Video|Disney+Hotstar|Youtube,Operating System: Google TV,Ultra HD (4K) 3840 x 2160 Pixels,20 W Speaker Output,60 Hz Refresh Rate,https://rukminim1.flixcart.com/image/312/312/l3929ow0/television/h/d/m/kd-65x75k-in5-sony-original-imagef3zkuszrfgh.jpeg?q=70
SAMSUNG,4.2,1033,143,₹82990,₹144900,Netflix|Prime Video|Disney+Hotstar|Youtube,Operating System: Tizen,Ultra HD (4K) 3840 x 2160 Pixels,40 W Speaker Output,120 Hz Refresh Rate,https://rukminim1.flixcart.com/image/312/312/l2rwzgw0/television/m/y/s/-original-imagefjnx9bk5mxt.jpeg?q=70
Croma,4.3,0,0,₹11990,₹25000,Netflix|Prime Video|Disney+Hotstar|Youtube,Operating System: Android,HD Ready 1366 x 768 Pixels,20 Speaker Output,60 Hz Refresh Rate,https://rukminim1.flixcart.com/image/312/312/l1nwnm80/television/2/i/r/crel032hof024601-croma-original-imagd69t6mysezaw.jpeg?q=70
PHILIPS,4.2,0,0,₹27890,₹44490,Netflix|Disney+Hotstar|Youtube,Operating System: Android,Full HD 1920 x 1080 Pixels,16 W Speaker Output,60 Hz Refresh Rate,https://rukminim1.flixcart.com/image/312/312/ksw4ccw0/television/5/x/c/43pft6915-94-philips-original-imag6cz5auguazys.jpeg?q=70
Compaq,4.4,0,0,₹14499,₹21999,Netflix|Prime Video|Disney+Hotstar|Youtube,Operating System: Android,HD Ready 1366 x 768 Pixels,24 W Speaker Output,60 Hz Refresh Rate,https://rukminim1.flixcart.com/image/312/312/kxf0jgw0/television/7/y/l/cq32aphdbz-compaq-original-imag9ve8paqggjaz.jpeg?q=70
InnoQ,4.1,0,0,₹7890,₹22990,HD Ready 1366 x 768 Pixels,20 W Speaker Output,60 Hz Refresh Rate,1 x HDMI | 2 x USB,A+ Grade Premium Dot Free Panel,https://rukminim1.flixcart.com/image/312/312/l2jcccw0/television/i/l/y/-original-imagdun98yufhh7c.jpeg?q=70
Adsun,0,0,0,₹8999,₹29999,Netflix|Prime Video|Disney+Hotstar|Youtube,Operating System: Android Based,HD Ready 1366 x 768 Pixels,20 W Speaker Output,60 Hz Refresh Rate,https://rukminim1.flixcart.com/image/312/312/kzn17680/television/o/q/p/a-3210s-f-adsun-original-imagbhqzhafpzhyz.jpeg?q=70
iFFALCON,4.2,1198,115,₹11999,₹18990,HD Ready 1366 x 768 Pixels,16 W Speaker Output,60 Hz Refresh Rate,2 x HDMI | 1 x USB,A+ Grade,https://rukminim1.flixcart.com/image/312/312/kdga1zk0/television/b/y/w/iffalcon-32e32-32e32-original-imafucgeqxhhjt3u.jpeg?q=70
Yuwa,0,0,0,₹30499,₹47448,Netflix|Prime Video|Disney+Hotstar|Youtube,Operating System: Android Based,Ultra HD (4K) 3840*2160 Pixels,20 WATT Speaker Output,60 Hz Refresh Rate,https://rukminim1.flixcart.com/image/312/312/l1ch4sw0/television/t/p/y/nty-55s-nty-55s-yuwa-original-imagcxn4hq3hzvqh.jpeg?q=70
realme,4.3,25089,2931,₹41999,₹42999,Netflix|Prime Video|Disney+Hotstar|Youtube,Operating System: Android,Ultra HD (4K) 3840 x 2160 Pixels,24 W Speaker Output,60 Hz Refresh Rate,https://rukminim1.flixcart.com/image/312/312/kosxzm80/television/5/p/e/rmv2005-realme-original-imag36hxruzv9wex.jpeg?q=70
Croma,3.9,0,0,₹18990,₹30000,Netflix|Prime Video|Disney+Hotstar|Youtube,Operating System: Android,Full HD 1920 x 1080 Pixels,20 Speaker Output,60 Hz Refresh Rate,https://rukminim1.flixcart.com/image/312/312/l1nwnm80/television/0/d/b/crel040fof024601-croma-original-imagd69uunejcz4d.jpeg?q=70
Nokia,4.3,23243,3975,₹42999,₹54990,Netflix|Prime Video|Disney+Hotstar|Youtube,Operating System: Android,Ultra HD (4K) 3840 x 2160 Pixels,48 W Speaker Output,60 Hz Refresh Rate,https://rukminim1.flixcart.com/image/312/312/ku1k4280/television/f/x/b/50uhdadndt8p-nokia-original-imag79bpzfgcqur4.jpeg?q=70
Infinix,4.2,14811,2279,₹24999,0,Netflix|Prime Video|Disney+Hotstar|Youtube,Operating System: Android,Full HD 1920 x 1080 Pixels,24 W Speaker Output,60 Hz Refresh Rate,https://rukminim1.flixcart.com/image/312/312/kij6f0w0/television/z/y/q/infinix-43x1-original-imafyaprgrmpfjhx.jpeg?q=70
Infinix,4.2,14811,2279,₹15999,₹17999,Netflix|Prime Video|Disney+Hotstar|Youtube,Operating System: Android,HD Ready 1366 x 768 Pixels,20 W Speaker Output,60 Hz Refresh Rate,https://rukminim1.flixcart.com/image/312/312/kingqkw0/television/j/y/m/infinix-32x1-original-imafye7tdvhytbgw.jpeg?q=70
Adsun,3.8,6730,929,₹16999,₹39999,Netflix|Prime Video|Disney+Hotstar|Youtube,Operating System: Android Based,Full HD 1920 x 1080 Pixels,20 W Speaker Output,60 Hz Refresh Rate,https://rukminim1.flixcart.com/image/312/312/kzn17680/television/g/e/s/a-4300s-f-adsun-original-imagbhqpwyw8z8bp.jpeg?q=70
TCL,4.4,0,0,₹79990,₹189990,Netflix|Disney+Hotstar|Youtube,Operating System: Android,Ultra HD (4K) 3840 x 2160 Pixels,30 W Speaker Output,60 Hz Refresh Rate,https://rukminim1.flixcart.com/image/312/312/l2krs7k0/television/2/x/z/-original-imagdvsy5bbfyxpm.jpeg?q=70
Nokia,4.3,2900,500,₹42999,₹59999,Netflix|Prime Video|Disney+Hotstar|Youtube,Operating System: Android,Ultra HD (4K) 3840 x 2160 Pixels,60 W Speaker Output,60 Hz Refresh Rate,https://rukminim1.flixcart.com/image/312/312/ku1k4280/television/g/x/z/50uhdadndt52x-nokia-original-imag79br4zfyw83q.jpeg?q=70
LG,5,0,0,₹205990,₹359990,Ultra HD (4K) 3840 x 2160 Pixels,40W Speaker Output,120 Hz Refresh Rate,4 x HDMI | 3 x USB,1 Year LG India Comprehensive Warranty and Additional 1 Year Warranty is Applicable on Panel/Module,https://rukminim1.flixcart.com/image/312/312/l071d3k0/television/x/7/s/-original-imagcf7fdvknjpzy.jpeg?q=70
Croma,4.2,1773,217,₹7990,₹20000,HD Ready 1366 x 768 Pixels,20 Speaker Output,60 Hz Refresh Rate,2 x HDMI | 2 x USB,1 Year Warranty,https://rukminim1.flixcart.com/image/312/312/ku1k4280/television/p/f/6/crel7369-croma-original-imag7969pxhrwp2k.jpeg?q=70
SONY,4.7,1425,291,₹62999,₹84900,Netflix|Prime Video|Disney+Hotstar|Youtube,Operating System: Android,Ultra HD (4K) 3840 x 2160 Pixels,20 W Speaker Output,50 Hz Refresh Rate,https://rukminim1.flixcart.com/image/312/312/ks4yz680/television/j/v/c/kd-50x74-sony-original-imag5sy47wghxaue.jpeg?q=70
iFFALCON,4.5,0,0,₹79999,₹156990,Netflix|Disney+Hotstar|Youtube,Operating System: Android,Ultra HD (4K) 3840 x 2160 Pixels,24 W Speaker Output,60 Hz Refresh Rate,https://rukminim1.flixcart.com/image/312/312/kve530w0/television/4/i/r/-original-imag8avhxhh4uyyw.jpeg?q=70
Candes,4,0,0,₹10559,₹25690,Netflix|Prime Video|Disney+Hotstar|Youtube,Operating System: Android,HD Ready 1366 x 768 Pixels,20 Speaker Output,60 Hz Refresh Rate,https://rukminim1.flixcart.com/image/312/312/krf91u80/television/0/f/n/f32s001-candes-original-imag57hsyrgngzhx.jpeg?q=70
Adsun,3.8,6742,930,₹8699,₹21999,Netflix|Disney+Hotstar|Youtube,Operating System: Android Based,HD Ready 1366 x 768 Pixels,20 W Speaker Output,60 Hz Refresh Rate,https://rukminim1.flixcart.com/image/312/312/krntoy80/television/u/d/y/a-3200s-adsun-original-imag5edguuyn54fh.jpeg?q=70
MarQ,4.3,5279,988,₹28999,₹34999,Netflix|Disney+Hotstar|Youtube,Operating System: Android,Ultra HD (4K) 3840x2160 Pixels,20 W Speaker Output,60 Hz Refresh Rate,https://rukminim1.flixcart.com/image/312/312/kzpw2vk0/television/w/y/w/-original-imagbz2cczwh5ync.jpeg?q=70
MOTOROLA,4.3,20879,3410,₹30999,₹46050,Netflix|Prime Video|Disney+Hotstar|Youtube,Operating System: Android,Ultra HD (4K) 3840 x 2160 Pixels,20 W Speaker Output,60 Hz Refresh Rate,https://rukminim1.flixcart.com/image/312/312/k3hmj680/television/e/b/r/motorola-65sauhdm-original-imafm59fztjjshhm.jpeg?q=70
SONY,4.6,0,0,₹53999,₹66900,Netflix|Prime Video|Disney+Hotstar|Youtube,Operating System: Android,Ultra HD (4K) 3840 x 2160 Pixels,20 W Speaker Output,50 Hz Refresh Rate,https://rukminim1.flixcart.com/image/312/312/kqqykcw0/television/z/s/m/kd-50x75-sony-original-imag4p2w6742eqjc.jpeg?q=70
Croma,4.2,0,0,₹11990,₹25000,Netflix|Prime Video|Disney+Hotstar|Youtube,Operating System: Android,HD Ready 1366 x 768 Pixels,20 Speaker Output,60 Hz Refresh Rate,https://rukminim1.flixcart.com/image/312/312/l1nwnm80/television/2/i/r/crel032hof024601-croma-original-imagd69t6mysezaw.jpeg?q=70
Yuwa,0,0,0,₹24899,₹52990,Netflix|Prime Video|Disney+Hotstar|Youtube,Operating System: Android Based,Ultra HD (4K) 3840 x 2160 Pixels,20 W Speaker Output,60 Hz Refresh Rate,https://rukminim1.flixcart.com/image/312/312/l432ikw0/television/p/z/i/y-50s-uhd-fl-yuwa-original-imagf2gyydtfxvfw.jpeg?q=70
Coocaa,4.3,2662,600,₹31999,₹64990,Netflix|Prime Video|Disney+Hotstar|Youtube,Operating System: Android,Ultra HD (4K) 3840 x 2160 Pixels,20 W Speaker Output,60 Hz Refresh Rate,https://rukminim1.flixcart.com/image/312/312/kikluvk0/television/e/m/z/coocaa-50s6g-original-imafybrnrucsmcvu.jpeg?q=70
TCL,4.4,0,0,₹66490,₹189990,Netflix|Disney+Hotstar|Youtube,Operating System: Android,Ultra HD (4K) 3840 x 2160 Pixels,50 W Speaker Output,60 Hz Refresh Rate,https://rukminim1.flixcart.com/image/312/312/l2krs7k0/television/v/i/0/-original-imagdvsxxsnukq3u.jpeg?q=70
Adsun,3.8,6742,930,₹8999,₹29999,Netflix|Prime Video|Disney+Hotstar|Youtube,Operating System: Android Based,HD Ready 1366 x 768 Pixels,20 W Speaker Output,60 Hz Refresh Rate,https://rukminim1.flixcart.com/image/312/312/kzn17680/television/o/q/p/a-3210s-f-adsun-original-imagbhqzhafpzhyz.jpeg?q=70
Vu,4.4,0,0,₹119999,₹150000,Netflix|Prime Video|Disney+Hotstar|Youtube,Operating System: Android,Ultra HD (4K) 3840 x 2160 Pixels,40 W Speaker Output,60 Hz Refresh Rate,https://rukminim1.flixcart.com/image/312/312/ky3b0y80/television/s/k/h/-original-imagaedxhbam3wmx.jpeg?q=70
PHILIPS,4.2,0,0,₹42999,₹79990,Netflix|Prime Video|Disney+Hotstar|Youtube,Operating System: Android,Ultra HD (4K) 3840 x 2160 Pixels,16 W Speaker Output,60 Hz Refresh Rate,https://rukminim1.flixcart.com/image/312/312/kqidx8w0/television/j/s/o/50put8215-94-philips-original-imag4gb5vkhsj8fk.jpeg?q=70
TCL,4.4,0,0,₹28215,₹51990,Netflix|Prime Video|Disney+Hotstar|Youtube,Ultra HD (4K) 3840x2160 Pixels,24W Speaker Output,60 Hz Refresh Rate,3 x HDMI | 1 x USB,https://rukminim1.flixcart.com/image/312/312/l2krs7k0/television/q/7/g/-original-imagdvsyfgjfvvgq.jpeg?q=70
Croma,3.9,0,0,₹18990,₹30000,Netflix|Prime Video|Disney+Hotstar|Youtube,Operating System: Android,Full HD 1920 x 1080 Pixels,20 Speaker Output,60 Hz Refresh Rate,https://rukminim1.flixcart.com/image/312/312/l1nwnm80/television/0/d/b/crel040fof024601-croma-original-imagd69uunejcz4d.jpeg?q=70
TCL,4.6,0,0,₹15990,₹29990,Netflix|Prime Video|Disney+Hotstar|Youtube,Operating System: Android,HD Ready 1366 x 768 Pixels,16 rms Speaker Output,60 Hz Refresh Rate,https://rukminim1.flixcart.com/image/312/312/l2krs7k0/television/c/x/i/-original-imagdvsyhphjahyx.jpeg?q=70
Vu,0,0,0,₹104990,₹120000,Netflix|Disney+Hotstar|Youtube,Operating System: Android,Ultra HD (4K) 3840 x 2160 Pixels,100 W Speaker Output,120 Hz Refresh Rate,https://rukminim1.flixcart.com/image/312/312/l3nco7k0/television/t/v/h/65-qpm-vu-original-imageq6kvjaddhdx.jpeg?q=70
LG,4.6,0,0,₹55500,₹89990,Netflix|Disney+Hotstar|Youtube,Operating System: WebOS,Ultra HD (4K) 3840 x 2160 Pixels,20W Speaker Output,60 Hz Refresh Rate,https://rukminim1.flixcart.com/image/312/312/kshtxu80/television/c/o/p/43up7750ptz-43up7750ptz-lg-original-imag6fwwzwqzk82e.jpeg?q=70
Adsun,3.8,6742,930,₹6199,₹12999,HD Ready 1366 x 768 Pixels,20 W Speaker Output,60 Hz Refresh Rate,1 x HDMI | 2 x USB,A+ Grade,https://rukminim1.flixcart.com/image/312/312/krntoy80/television/h/i/m/a-2400n-adsun-original-imag5ecpqjfzews3.jpeg?q=70
LG,4.6,0,0,₹36200,₹57990,Netflix|Disney+Hotstar|Youtube,Operating System: WebOS,Ultra HD (4K) 3840 x 2160 Pixels,20W Speaker Output,60 Hz Refresh Rate,https://rukminim1.flixcart.com/image/312/312/ktg4ia80/television/r/p/f/43up7550ptz-43up7550ptz-lg-original-imag6sjyvzzfgzq8.jpeg?q=70
Vu,4.2,3276,467,₹39999,₹57000,Netflix|Disney+Hotstar|Youtube,Operating System: Android Based,Ultra HD (4K) 3840 x 2160 Pixels,20 W Speaker Output,60 Hz Refresh Rate,https://rukminim1.flixcart.com/image/312/312/jjn6d8w0/television/j/7/z/vu-55uh7545-original-imaf762xymucc9n7.jpeg?q=70
iFFALCON,4.5,0,0,₹56999,₹113990,Netflix|Disney+Hotstar|Youtube,Operating System: Android,Ultra HD (4K) 3840 x 2160 Pixels,24 W Speaker Output,60 Hz Refresh Rate,https://rukminim1.flixcart.com/image/312/312/kve530w0/television/4/i/r/-original-imag8avhxhh4uyyw.jpeg?q=70
Croma,4.2,1773,217,₹7990,₹20000,HD Ready 1366 x 768 Pixels,20 Speaker Output,60 Hz Refresh Rate,2 x HDMI | 2 x USB,1 Year Warranty,https://rukminim1.flixcart.com/image/312/312/ku1k4280/television/p/f/6/crel7369-croma-original-imag7969pxhrwp2k.jpeg?q=70
Yuwa,0,0,0,₹16299,₹31990,Netflix|Prime Video|Disney+Hotstar|Youtube,Operating System: Android Based,Full HD 1920 x 1080 Pixels,20 W Speaker Output,60 Hz Refresh Rate,https://rukminim1.flixcart.com/image/312/312/l3t2fm80/television/1/m/u/y-43s-fl-yuwa-original-imageumhcjdhpqez.jpeg?q=70
LG,0,0,0,₹98780,₹149990,Netflix|Disney+Hotstar|Youtube,Operating System: WebOS,Ultra HD (4K) 3840 x 2160 Pixels,20W Speaker Output,60 Hz Refresh Rate,https://rukminim1.flixcart.com/image/312/312/kulk9zk0/television/l/x/t/70up7500ptz-70up7500ptz-lg-original-imag7ztybndeewky.jpeg?q=70
Hyundai,0,0,0,₹32990,₹77990,Netflix|Prime Video|Disney+Hotstar|Youtube,Operating System: WebOS,Ultra HD (4K) 3840 x 2160 Pixels,16 W Speaker Output,60 Hz Refresh Rate,https://rukminim1.flixcart.com/image/312/312/l1fc0i80/television/f/g/a/uhdhy50wsr4bmri5-hyundai-original-imagczwt42hjrfgz.jpeg?q=70
Adsun,3.8,6742,930,₹8699,₹21999,Netflix|Disney+Hotstar|Youtube,Operating System: Android Based,HD Ready 1366 x 768 Pixels,20 W Speaker Output,60 Hz Refresh Rate,https://rukminim1.flixcart.com/image/312/312/krntoy80/television/u/d/y/a-3200s-adsun-original-imag5edguuyn54fh.jpeg?q=70
Dyanora,4.1,0,0,₹14399,₹23999,Netflix|Prime Video|Disney+Hotstar|Youtube,Operating System: Android Based,HD Ready 1366 x 768 Pixels,20 W Speaker Output,60 Hz Refresh Rate,https://rukminim1.flixcart.com/image/312/312/l4n2oi80/television/p/1/a/-original-imagfhuh3fpxgsug.jpeg?q=70
SAMSUNG,4.3,0,0,₹42990,₹54900,Netflix|Disney+Hotstar|Youtube,Operating System: Tizen,Ultra HD (4K) 3840 x 2160 Pixels,20 W Speaker Output,60 Hz Refresh Rate,https://rukminim1.flixcart.com/image/312/312/kqv8vww0/television/4/h/k/ua43au8000-samsung-original-imag4s9pghk27wea.jpeg?q=70
LG,4.1,0,0,₹146300,₹269990,Ultra HD (4K) 3840 x 2160 Pixels,60W Speaker Output,120 Hz Refresh Rate,4 x HDMI | 3 x USB,1 Year LG India Comprehensive Warranty and Additional 1 Year Warranty is Applicable on Panel/Module,https://rukminim1.flixcart.com/image/312/312/l071d3k0/television/s/3/s/-original-imagcf7fu8fqtkw6.jpeg?q=70
Croma,4.2,0,0,₹11990,₹25000,Netflix|Prime Video|Disney+Hotstar|Youtube,Operating System: Android,HD Ready 1366 x 768 Pixels,20 Speaker Output,60 Hz Refresh Rate,https://rukminim1.flixcart.com/image/312/312/l1nwnm80/television/2/i/r/crel032hof024601-croma-original-imagd69t6mysezaw.jpeg?q=70
LG,2.3,0,0,₹94550,₹110690,Netflix|Disney+Hotstar|Youtube,Ultra HD (4K) 3,840 x 2,160 Pixels,1 Speaker Output,120 Hz Refresh Rate,4 x HDMI | 3 x USB,https://rukminim1.flixcart.com/image/312/312/ktrk13k0/television/c/5/w/lg-c1-48-inch-class-4k-smart-oled-tv-w-ai-thinq-48-2-diag-48c1-original-imag7ffxsdbqdqbz.jpeg?q=70
Thomson,4.4,22032,5954,₹27999,₹37999,Netflix|Prime Video|Disney+Hotstar|Youtube,Operating System: Android,Ultra HD (4K) 3840 x 2160 Pixels,30 W Speaker Output,60 Hz Refresh Rate,https://rukminim1.flixcart.com/image/312/312/kjrh2fk0/television/k/w/3/55-oathpro-0101-thomson-original-imafz9g9gjyhtf5h.jpeg?q=70
SAMSUNG,4.2,1035,144,₹54990,₹89900,Netflix|Prime Video|Disney+Hotstar|Youtube,Operating System: Tizen,Ultra HD (4K) 3840 x 2160 Pixels,20 W Speaker Output,60 Hz Refresh Rate,https://rukminim1.flixcart.com/image/312/312/l2rwzgw0/television/t/r/1/-original-imagefjns6pcwxfx.jpeg?q=70
